Heart Rate,Pulse Rate,Temperature,Skin Senstivity,Result
80,61,96.9,1.6,Sad
92,63,97.8,0.2,Happy
88,84,99.4,3.3,Anger
76,72,98.6,3.4,Fear
95,83,99.3,1.2,Happy
65,83,98.4,2.3,Stress
71,77,98,0.3,Neutral
87,99,98.9,2.7,Anger
null,62,98.2,0.4,Happy
76,84,98.6,3.5,Fear
87,90,98,2.8,Neutral
95,81,98.8,1.4,Happy
72,96,98.2,3.8,Stress
91,100,98,3.1,Anger
77,90,97.9,0.7,Neutral
71,62,98.1,0.4,Neutral
62,101,null,3.4,Guilty
74,72,97.9,0.8,Sad
81,89,99.5,0.8,Happy
74,97,99.5,3.3,Guilty
79,78,96.5,2.1,Sad
72,70,98.1,0.6,Neutral
64,109,98.2,3.9,Stress
88,75,97.8,2.4,Fear
99,80,99.1,4.3,Anger
96,76,97.2,3.8,Fear
82,72,98.1,4.6,Anger
65,79,98.5,0.6,Neutral
82,66,99.1,1.1,Happy
86,96,99.5,2.3,Anger
86,69,98,0.6,Happy
86,98,98.2,3.1,Neutral
94,93,98,3.8,Anger
81,73,98.4,3.4,Neutral
100,75,97.9,0.5,Happy
76,107,98.5,2.3,Stress
72,90,98.3,0.9,Neutral
80,67,98.1,0.9,Happy
91,83,99.3,3,Anger
97,78,99.3,2.1,Anger
65,84,98.4,0.5,Neutral
93,80,98,2.9,Fear
79,60,97.5,2.4,Sad
77,92,97.4,3.6,Fear
75,89,97.9,0.4,Neutral
65,74,98.4,0.3,Neutral
79,68,98.3,0.4,Neutral
80,105,98.7,1.8,Stress
93,73,97.8,0.2,Happy
80,88,97.9,2.4,Anger
62,100,98.7,2.9,Stress
93,71,99.5,2.8,Anger
80,68,96.5,0.5,Sad
76,103,99.1,3.8,Stress
65,null,96.5,1.8,Sad
71,81,97,3.4,Fear
78,107,98.8,2.4,Stress
70,82,98.7,0.4,Neutral
97,82,98.9,1.7,Neutral
82,85,98.8,0.9,Happy
100,75,98.5,0.9,Happy
86,83,97.9,0.9,Happy
75,84,97.8,0.9,Neutral
74,95,98.2,3.5,Fear
64,86,99,3.7,Stress
66,63,98.5,0.2,Neutral
97,80,97.2,3.8,Fear
78,106,99.4,3,Stress
70,60,97.6,2.2,Sad
70,62,98.4,0.6,Neutral
61,89,98.7,2.5,Stress
97,72,98.4,0.6,Happy
60,65,97,2.1,Sad
83,77,99.3,2.2,Anger
71,79,98.2,0.7,Neutral
84,87,98.5,1.3,Happy
60,74,97.2,0.8,Sad
63,72,98.8,1.9,Stress
92,92,99.4,1.9,Neutral
66,87,97.9,0.4,Neutral
70,81,97.7,3.4,Fear
99,95,97.5,1.9,Fear
65,86,98.8,2.4,Stress
73,76,97.9,0.4,Neutral
96,82,97.5,1.7,Fear
96,75,98.9,2.5,Anger
71,79,98.3,0.2,Neutral
65,68,96.6,2.5,Sad
79,92,98.5,1.6,Fear
88,87,99.3,1.2,Happy
80,86,98.1,0.6,Happy
63,77,98,0.6,Neutral
99,66,97.8,1.1,Happy
86,96,99,4.3,Neutral
72,73,99.4,2,Stress
82,88,98.1,4.2,Neutral
65,90,99.4,3.5,Stress
98,67,99.2,1.3,Happy
84,100,97,2.6,Fear
83,97,99.3,3.2,Anger
90,84,99,4.9,Anger
76,89,99,2.6,Stress
60,89,98.3,0.8,Neutral
84,60,99,1.3,Happy
61,81,97.8,0.4,Neutral
82,99,97.4,2.4,Fear
88,82,97.3,3.6,Fear
91,82,98.4,0.4,Happy
99,88,98.1,0.2,Happy
62,93,99.5,1.9,Stress
61,81,98.7,0.7,Neutral
87,104,98.4,1.6,Neutral
null,80,97.2,null,Anger
62,74,98.6,0.5,Neutral
85,83,99.3,0.3,Happy
76,77,98.2,1.8,Sad
97,104,98.9,2.3,Neutral
71,75,98.1,3.1,Fear
81,83,98.8,4.9,Anger
93,67,99,0.4,Happy
75,73,98.5,0.7,Neutral
71,107,99.4,3,Stress
80,98,98.7,2.2,Neutral
87,64,97.7,1.1,Happy
88,78,98.4,4.9,Anger
72,71,98.5,0.2,Neutral
100,89,99.1,2.2,Anger
93,99,99.3,4.9,Anger
96,89,98.8,4.4,Anger
96,94,99.4,4,Anger
80,64,98.4,0.6,Neutral
96,78,98.5,3.7,Neutral
84,99,98.3,3.1,Anger
81,89,99.2,1.4,Happy
80,90,96.9,2.1,Sad
67,92,98.7,2.1,Stress
95,97,99,4.3,Anger
79,108,99.5,2,Stress
60,84,97.1,1.1,Sad
78,81,97.8,0.9,Neutral
63,85,98.2,0.2,Neutral
85,79,99,3.3,Anger
71,74,98.1,0.3,Neutral
83,90,97.8,1.1,Happy
80,71,97.4,2.9,Fear
69,73,98.5,0.6,Neutral
88,78,99.1,2.1,Anger
80,87,98.8,3.3,Neutral
68,82,98.6,1.7,Stress
63,62,97.4,1.4,Sad
86,71,99.5,3.4,Neutral
95,87,98,0.4,Happy
76,82,97.5,3.2,Fear
82,87,97.1,1.6,Fear
60,69,97.2,1.8,Sad
77,69,97.9,0.2,Neutral
75,89,98.3,0.3,Neutral
76,82,98.6,3.4,Fear
85,73,97.8,3.3,Fear
83,97,98.8,3.4,Anger
73,68,98.5,0.5,Neutral
90,68,98,1,Happy
69,91,98.5,2.2,Stress
86,75,98,2.6,Fear
87,60,99.4,0.6,Happy
85,75,98.1,2.6,Fear
74,74,97.6,3.5,Fear
80,75,96.9,2,Sad
78,77,98.3,1,Neutral
62,72,97.1,1.3,Sad
74,63,97.2,1.1,Sad
72,94,96.9,3.6,Fear
72,77,98.1,0.9,Guilty
92,86,99.6,2.9,Anger
77,65,98.3,0.4,Neutral
89,61,98.3,0.9,Happy
64,82,99.1,3.5,Stress
83,86,98.2,3.5,Fear
73,92,98.5,2.8,Fear
73,77,97.2,4,Fear
69,75,98,0.2,Neutral
78,79,98.3,0.5,Neutral
97,63,98.2,1,Happy
81,62,99,1.2,Happy
67,79,98.1,1,Neutral
76,66,98.5,0.6,Neutral
null,89,98,0.3,excited
74,72,98.1,0.9,Neutral
99,74,99.5,4.5,Anger
64,89,98.3,0.3,Neutral
84,87,97.3,3.6,Fear
70,65,97.8,2.3,Sad
88,92,97.3,1.7,Fear
75,74,97.8,0.7,Sad
98,70,97.9,0.7,Happy
89,81,98.7,2.5,Anger
85,76,99.4,3.4,Anger
75,89,97.6,3.5,Fear
87,70,98.2,2.8,Fear
83,null,99.3,0.6,Guilty
91,78,99.1,1.3,Happy
88,94,98.9,4.1,Neutral
85,77,98.6,1.4,Happy
64,83,98.1,3,Stress
62,81,98.4,0.4,Neutral
89,76,98.5,3.4,Fear
75,108,98.9,3.2,Stress
87,75,99.4,0.3,Happy
62,74,96.7,0.6,Sad
85,99,98.2,3.8,Fear
70,75,97.8,0.6,Neutral
86,92,98.1,3.3,Fear
80,100,98.1,3,Neutral
91,98,99.4,2.8,Anger
99,83,97.7,1.2,Happy
61,107,98.9,2,Stress
63,75,98.6,3.6,Stress
86,85,98.6,3.3,Anger
85,78,99.5,4.4,Anger
91,95,98.2,4.1,Anger
100,99,98.5,3.5,Anger
null,90,99.5,3.9,Stress
73,70,98.3,1.5,Sad
63,67,97,0.9,Sad
77,66,98.3,0.6,Neutral
78,82,97.8,1.5,Sad
77,86,98.8,0.2,Neutral
83,75,98.4,2.5,Anger
89,78,98.4,2.3,Fear
93,97,98.2,2.1,Fear
66,88,98.5,2.5,Stress
60,89,96.4,1,Sad
76,65,null,0.4,Neutral
76,100,98.2,2.2,Fear
84,94,98.3,2.7,Anger
83,77,99.2,1.3,Happy
77,87,98.3,2.1,Fear
92,88,98.4,2.2,Anger
61,62,98.1,1.1,Sad
69,74,98.6,0.5,Neutral
78,87,98.1,0.7,Neutral
66,110,98.6,3.8,Stress
92,96,97.6,2.8,Fear
67,81,97.2,0.7,Guilty
80,90,99.4,1.3,Happy
91,80,98.6,4.2,Anger
93,71,99.3,0.8,Happy
85,70,98.6,1.4,Happy
86,80,98.4,3.5,Anger
72,71,97.1,1.9,Sad
77,78,98.8,4,Stress
93,99,99.1,4.1,Anger
87,101,99.5,2.3,Neutral
84,72,98.2,2.3,Fear
79,79,99.6,3.3,Stress
94,89,98.5,3.1,Neutral
80,81,97,2.5,Fear
86,92,98.1,3.9,Neutral
90,72,98.1,1.4,Happy
66,70,98.7,0.7,Neutral
65,90,98,2.7,excited
67,98,99.2,3,Stress
96,103,99.3,2.7,Neutral
83,92,99.7,4.3,Anger
78,73,97.9,1,Sad
92,62,99.3,0.3,Happy
69,67,98.1,0.3,Neutral
79,63,98.1,0.3,Neutral
87,71,98.2,4.3,Anger
64,92,98,2.9,Stress
78,63,98.2,0.6,Neutral
79,97,97.2,3,Fear
67,74,98.3,3.9,Stress
72,80,97.1,2,Sad
88,80,99.1,4.4,Anger
98,65,98.8,0.4,Happy
79,96,98.6,2,Stress
78,63,96.5,2.1,Guilty
96,88,98.3,2.2,Fear
70,71,97.7,0.9,Sad
100,77,98.6,3,Neutral
75,65,96.4,1.2,Sad
98,80,98.5,2.7,Anger
92,71,98.4,2.7,Neutral
65,83,98.2,1.9,Sad
67,79,98.7,0.5,Neutral
80,83,97.1,1.9,Sad
98,79,98.5,3.3,Neutral
92,93,98.7,2.5,Neutral
78,85,98.5,1,Neutral
64,83,97.9,0.4,Neutral
83,71,99.7,2.5,Neutral
100,100,98.8,4.4,Anger
80,73,98,0.5,Neutral
76,78,97.9,1.5,Stress
79,72,98.1,0.7,Neutral
63,89,98.5,0.5,Neutral
80,87,98.7,3.2,Anger
63,72,98.2,0.9,Neutral
60,68,98,2.2,Sad
93,94,97.9,2.2,Anger
64,85,98.3,0.8,Neutral
64,80,98.2,2.5,Stress
100,99,97.9,2.6,Fear
73,94,98,2.1,Fear
69,88,98.6,0.4,Neutral
77,85,98.9,2.3,Stress
71,66,97.3,2.4,Sad
61,82,98.2,0.3,Neutral
71,90,98,0.5,Neutral
91,77,99.4,2.9,Neutral
81,64,99.3,0.6,Happy
86,86,98.8,1,Happy
69,64,97.5,1.6,Sad
96,60,98.7,1.5,Happy
66,68,98.5,0.4,Neutral
94,81,98.1,0.8,Happy
93,72,98.1,0.6,Happy
100,74,98.2,1.5,Fear
87,82,97.1,3.8,Fear
65,77,98.7,2.8,Stress
79,67,98,0.5,Neutral
84,99,98.1,2,Fear
78,89,97.7,1.2,Sad
72,71,97.3,2.6,Fear
100,91,99,2.6,Guilty
99,98,99.7,4.9,Anger
85,71,98.3,1.2,Happy
85,70,98.1,0.8,Happy
75,60,96.4,1,Sad
90,88,97,2.2,Fear
74,103,99,3.1,Stress
82,89,98.5,2.6,Fear
95,80,99.6,4.4,Anger
82,76,98,2.5,Neutral
99,80,98.7,0.6,Happy
95,72,98.3,4.1,Anger
89,78,98.7,2.4,Anger
77,84,98.3,0.8,Neutral
84,63,98.7,1.4,Happy
68,95,99,3.9,Stress
62,75,97.9,2.4,Sad
65,82,97.9,0.3,Neutral
74,70,98.3,2.1,Fear
79,71,98.6,3.2,Fear
83,75,98.4,3.6,Anger
71,99,98.7,3.8,Stress
64,60,98.7,0.2,Neutral
60,79,97.8,0.3,Neutral
100,71,98.1,1.9,Fear
87,100,98.2,2.5,Fear
67,80,98.3,2.1,Guilty
96,73,98.9,3.4,Anger
78,89,99,3.1,Stress
71,66,98,0.7,Neutral
77,85,98.8,0.7,Neutral
71,84,98.4,0.4,Neutral
82,73,98.7,3.3,Anger
100,71,98.1,4.6,Anger
91,70,97.8,1.2,Happy
65,83,98.2,0.8,Neutral
71,78,97.8,1.9,Fear
69,null,98.2,0.6,Neutral
74,75,98.3,1.9,Sad
92,88,99.3,3.3,Anger
79,77,98.2,0.5,Neutral
76,69,98.6,0.5,Neutral
92,81,98.5,3.9,Anger
66,71,98.5,3.4,Stress
95,84,98.8,5,Anger
66,93,99.2,2.8,Stress
67,64,97.9,0.3,Neutral
60,78,97,0.7,Sad
62,77,99.3,3.6,excited
71,108,99,3,Stress
90,null,98,null,Neutral
83,79,99.1,2.2,Anger
75,60,98.4,0.3,Neutral
84,83,99,0.2,Happy
63,75,98.6,0.9,Neutral
75,77,98.4,1.5,Stress
87,88,99.2,4.3,Neutral
97,75,98.7,0.7,Happy
66,89,98.4,0.8,Neutral
82,77,99.4,0.3,Happy
75,89,97.5,2.6,Fear
93,71,98.5,2.5,Fear
81,72,98.4,1,Happy
85,76,97.9,1.5,Happy
75,65,97.4,1.1,Sad
86,89,98.4,2.6,Anger
61,65,98.5,0.9,Neutral
66,67,98.2,0.6,Neutral
74,78,99,2.4,Stress
82,98,97.1,3.1,Fear
74,62,98.4,0.8,Neutral
68,108,99.5,2.7,excited
84,89,96.8,3.8,Fear
78,79,98.3,1,Neutral
80,72,97.8,0.9,Neutral
77,71,97.2,2.2,Fear
88,83,99.3,4.2,Anger
64,90,98.7,0.2,Neutral
65,90,99.4,3.2,Guilty
80,95,98.7,1.6,Stress
75,87,96.6,2,Sad
61,93,99.2,1.6,Stress
62,69,98,0.3,Neutral
64,102,98.8,1.8,Stress
88,71,98.8,0.4,Happy
87,71,99.2,2.8,Neutral
88,86,99.4,0.3,Happy
80,81,99.4,2.1,Stress
100,60,98.8,1.2,Happy
99,98,98.4,2.6,Anger
76,100,97.9,2.7,Fear
null,85,98.7,2.9,Anger
82,84,96.9,2,Fear
90,90,97.9,3.4,Fear
79,91,99.2,2.8,Stress
60,64,96.7,1.1,Sad
76,73,98.6,0.4,Neutral
91,83,98.8,1.2,Happy
97,84,99.6,3.5,Anger
67,110,99.3,1.5,Stress
96,88,99.7,2.5,Neutral
76,85,98.3,0.9,Neutral
60,67,98.5,0.9,Neutral
71,82,97.3,1.4,Sad
100,71,99.7,2.8,Anger
92,89,97.3,3.9,Fear
79,84,96.5,1.2,Sad
64,88,98.3,0.4,Neutral
78,75,98.3,2,Stress
76,99,98,2.2,Stress
63,66,98.6,0.6,Neutral
95,76,99.1,3.3,Anger
96,80,97.9,2.8,Fear
78,86,98.6,0.2,Neutral
89,68,99.4,1.5,Happy
88,79,98.9,2,Anger
62,77,97.8,0.7,Sad
80,85,99.1,0.5,Happy
99,82,99.2,1.7,Neutral
75,60,98.2,0.6,Guilty
91,77,98.6,4.7,Anger
77,78,98.1,1.9,Sad
74,90,98.4,1.9,Stress
73,85,98.1,1,Neutral
70,67,98.2,1.5,Sad
96,82,99.2,0.3,Happy
80,73,99,4.7,Anger
62,73,98.9,3.5,Stress
75,86,97.1,3.8,Fear
75,66,97.5,0.9,Sad
81,61,99.4,1.4,Happy
63,67,98.4,0.7,Guilty
66,66,98.3,0.9,Neutral
76,65,97.4,1.7,Sad
77,72,98.8,0.2,Neutral
79,95,98.1,2.9,Fear
99,71,98.4,2.8,Anger
94,75,97.9,3.1,Anger
64,78,96.6,1,Sad
80,71,99.2,2.9,Neutral
69,72,99.1,3.2,Stress
63,77,98.9,2.7,Stress
94,84,99,4.5,Anger
62,74,98.1,0.8,Neutral
73,67,98.8,0.7,Neutral
85,89,98.3,0.3,Happy
65,101,98.9,2.1,Stress
71,69,97.2,0.7,Sad
99,85,97.3,3.2,Fear
98,81,97.9,3.6,Anger
86,79,99,2.1,Neutral
92,73,97.7,0.7,Happy
60,62,98.4,0.5,Neutral
93,90,99,4,Anger
86,70,98.8,3.9,Neutral
86,69,99.4,1.1,Happy
66,63,98.3,1,Neutral
70,66,97.6,2,Sad
91,85,98.8,4.3,Anger
62,78,null,0.7,Neutral
87,104,98.9,1.9,Neutral
93,77,99.4,1.3,Happy
64,75,97.9,2.5,Sad
73,81,97.1,2.2,Fear
88,106,99.2,3.1,Neutral
89,81,98,2.7,Fear
83,82,99.7,4.6,Anger
73,90,99.5,3.1,Stress
81,89,97.9,1.4,Happy
96,82,98.3,1.1,Happy
84,95,99,2.4,Anger
98,73,99.1,2.9,Anger
85,60,98.7,0.3,excited
77,103,98.1,2.4,excited
72,64,98.3,0.9,Neutral
70,73,98.7,0.4,Neutral
61,87,98.6,0.4,Neutral
84,73,98.6,2.9,Fear
88,100,98,1.9,Fear
77,90,96.9,1.9,Sad
75,77,99.6,3.8,Stress
96,92,97,2.4,Fear
76,70,97.9,0.3,Neutral
70,104,99.2,1.7,Stress
92,93,97.5,2.4,Fear
91,63,98.2,0.7,Happy
68,67,98.5,0.8,Neutral
72,71,99.3,3.8,Stress
69,74,97.1,0.9,Sad
66,101,98.5,2.9,Stress
67,65,98.1,0.7,Neutral
99,91,99.5,2.6,Guilty
85,67,99.2,1.3,Happy
88,82,98.1,1.8,Neutral
68,70,97,1.3,Sad
71,77,99.4,3.8,Stress
84,93,97.4,1.9,Fear
98,100,98.4,4.3,Anger
78,69,97.7,1.2,Sad
100,66,98.5,1.2,Happy
81,81,98.1,3.7,Anger
85,85,97.6,1.6,Fear
90,73,99.3,null,Anger
75,72,97.3,2.2,Sad
78,85,98,3.4,Fear
67,71,98.4,0.8,Neutral
91,72,97.4,2.1,Fear
95,77,98.4,1.3,Happy
94,81,97.7,3.4,Fear
97,95,99.2,3.5,Anger
63,81,96.7,2.1,Sad
65,74,98,0.3,Neutral
68,90,97.9,0.4,Neutral
60,71,97.4,0.8,Sad
91,77,97.9,4.4,Neutral
93,68,98.2,null,Happy
75,89,97.8,0.3,Neutral
64,84,96.7,0.7,Sad
63,66,98.4,0.9,Neutral
64,67,98.5,0.3,Neutral
78,88,96.8,1.8,Fear
77,85,97.6,1.2,Sad
75,106,98.1,4,Stress
93,73,97.2,3.7,Fear
84,96,99.4,4.2,Anger
80,78,97.7,1.3,Sad
84,88,99.1,1.6,Neutral
68,76,97.7,1.8,Sad
99,93,98.4,2.3,Anger
73,108,98.2,3.6,Stress
81,82,98.2,0.7,Happy
68,83,97.3,1,Sad
65,98,99.6,2.2,Stress
76,82,98.8,2.4,Stress
71,73,97.5,1.5,excited
96,85,97.5,2.4,Fear
91,89,98.2,2.6,Neutral
74,77,98.7,2.8,Stress
77,65,98.4,0.4,Neutral
72,67,97.7,2,Sad
84,82,98,3.8,Fear
85,78,99.5,1.7,Neutral
75,83,98.3,0.6,Neutral
99,88,98.1,0.3,Happy
75,90,98.9,3.7,Stress
85,61,97.7,1,Happy
72,77,97.3,3.6,Fear
62,62,98.5,1,Neutral
84,95,99.4,4.2,Neutral
65,95,98.9,2.4,Stress
86,76,97.9,4.2,Anger
99,78,98.7,4.2,Anger
60,83,98.1,2.1,Sad
74,64,98.2,0.5,Neutral
81,89,99.1,0.8,Happy
96,102,98.8,3.6,Neutral
83,88,97.7,3.8,Fear
98,100,99.2,4.5,Anger
68,77,98.8,0.7,Neutral
79,71,98.8,0.7,Neutral
90,75,98.1,4.5,Guilty
98,88,98.8,3.4,Anger
78,72,98.5,2.2,excited
87,98,99.1,2.7,Neutral
98,62,98.3,0.8,Happy
94,76,98,1.1,Happy
75,75,98.6,1.9,Stress
84,93,98.6,3.1,Neutral
70,102,99.5,1.9,Stress
71,81,99,1.7,Stress
75,66,98.1,0.5,Neutral
78,110,98,3.6,Stress
97,71,97.6,3.3,Fear
96,98,99.2,2,Anger
73,76,98.4,0.8,Neutral
99,99,97.3,2.2,Fear
80,74,99.4,4,Stress
68,90,97.3,2.2,Sad
76,68,97.5,2.5,Sad
62,81,97.3,2.1,Sad
95,109,98.7,4,Neutral
91,80,99.6,2.9,Anger
95,90,97.6,3.3,Fear
63,63,96.8,0.9,Sad
85,80,99.2,4.5,Anger
100,92,97.4,2.6,Fear
77,63,97.6,1.4,Sad
83,71,97.9,1,Happy
97,79,99.1,3.2,Neutral
78,76,98.6,0.8,Neutral
67,72,98.1,0.7,Neutral
74,82,97.9,0.6,Neutral
84,72,99,2.4,Anger
67,75,97.4,1.5,Sad
73,65,97.9,1.3,Sad
88,108,97.9,2.7,Neutral
94,94,98.1,4,Anger
86,87,98.1,2.6,Anger
94,81,98.1,2.1,Anger
94,79,97.9,3.2,Anger
62,80,98.4,0.2,Neutral
91,88,99.3,0.4,Happy
67,null,98.5,4,Stress
77,74,98.2,1.5,Guilty
86,62,98.2,1.3,Happy
78,79,98.1,0.8,Neutral
97,91,97.7,3.1,Fear
71,87,97.6,0.9,Sad
66,69,96.7,0.8,Sad
79,103,98.2,3.5,Stress
74,98,97.1,2.7,Fear
88,84,98.4,1.2,Happy
85,74,99.4,3.4,Neutral
74,70,97.5,0.5,Sad
89,72,98,0.9,Happy
76,63,97.3,1.6,Sad
67,71,98.5,0.3,Neutral
64,66,96.7,1.3,Sad
100,83,99.6,3.7,Anger
76,76,98.5,0.8,Neutral
73,78,98.6,0.8,Neutral
100,86,98.5,1.2,Happy
77,79,96.7,1.7,Sad
84,72,99.3,2.4,Anger
90,85,98.6,4.6,Anger
67,64,98,0.5,Neutral
76,68,98.7,0.9,Neutral
95,95,98.2,3.7,Fear
99,92,98.2,2.7,Fear
92,100,97.7,1.8,Fear
78,76,98,0.4,Neutral
98,98,99.2,2.3,Neutral
69,62,98.2,0.7,Neutral
68,105,98.9,2,Stress
93,99,97.1,2,Fear
71,91,97.7,2.9,Fear
97,79,98.7,1.5,Neutral
80,84,98.1,1.6,Fear
76,101,99,3.9,Stress
97,95,96.8,3,Fear
90,101,98.4,1.9,Neutral
90,78,99.4,1.6,Neutral
66,104,98.3,3.4,Stress
72,108,98.2,3.8,Stress
98,72,98.9,3.9,Neutral
69,69,97.9,1.9,Sad
84,76,99.2,0.5,Happy
95,71,98.7,4.1,Anger
63,86,98.2,3,Stress
80,76,98.8,3.6,Stress
97,80,98.2,2.4,Anger
66,81,98.7,1.5,Stress
96,86,98.9,3.9,Guilty
80,81,96.9,1.9,Sad
67,93,98.1,2.2,Stress
96,79,97.7,3.2,Fear
74,73,98.6,0.6,Neutral
61,67,97.9,0.8,Neutral
81,74,98.1,2.7,Guilty
60,84,98.5,0.7,Neutral
69,65,98,0.7,Sad
93,66,99.4,1.4,Happy
70,79,97.4,2.3,Fear
94,92,98.1,3.6,Fear
81,92,98.9,2.7,Anger
97,101,98.1,3.8,Neutral
63,71,98.4,0.9,Neutral
88,78,98.3,1.4,Happy
62,72,98.3,0.7,Neutral
95,73,99.5,2.1,Neutral
82,71,98.1,0.5,Happy
92,81,99.2,2.1,Anger
69,72,97.1,2,Sad
null,92,98.7,2.7,Anger
61,80,99.2,2,Stress
69,61,97.2,0.9,Sad
63,62,98.1,0.3,Neutral
84,79,98.9,0.6,Happy
90,78,99.1,0.8,Happy
92,88,99,3,Anger
85,84,99.6,3.7,Neutral
81,94,97,2.4,Fear
61,101,98.9,2.3,Stress
84,94,97.9,3.7,Anger
93,88,99.1,0.4,Happy
80,73,98,0.8,Neutral
63,60,98,1,Neutral
66,64,98,0.9,Neutral
71,69,98.7,1,Neutral
75,98,97.3,2,Fear
64,79,98.6,0.4,Neutral
75,88,97.4,2.4,Sad
99,110,98.7,1.9,Neutral
64,90,98.8,0.8,Neutral
80,75,98.9,4.9,Anger
82,85,98.3,1.5,Fear
64,81,98.7,0.3,Neutral
100,84,98.3,2,Fear
75,95,98.6,2.2,Stress
84,84,99.3,5,Anger
78,76,97.8,0.9,Sad
84,81,98.8,1.8,Neutral
85,109,99.5,4.3,Neutral
89,76,99.1,2,Anger
76,90,97,3.8,Fear
86,89,97.4,2.7,Fear
86,99,97.4,2.8,Fear
97,74,99.2,4.3,Anger
72,79,98.2,0.6,Sad
71,72,98,0.3,Neutral
86,73,96.8,2.6,Fear
85,96,98.5,4.1,Anger
76,89,97.5,1.6,Sad
100,89,98.1,1,Happy
76,82,98.1,3.7,Fear
65,84,98.2,0.8,Neutral
94,84,98.2,1.4,Happy
84,69,99,1.4,Happy
80,71,98.2,2.9,Anger
80,74,98.3,0.9,Neutral
69,64,98.4,0.3,Neutral
85,94,98.3,3.1,Fear
64,89,97.9,0.3,Neutral
64,80,97,2.2,Sad
69,76,98.5,2.6,Stress
93,87,99.7,4.6,Anger
70,89,97.6,2,Sad
69,77,97,2,Sad
96,75,99.3,0.8,Happy
89,82,97.4,3.2,Fear
77,104,98,2.5,excited
67,78,97.9,1.2,Sad
84,89,99.2,1.7,Neutral
80,63,98.3,0.9,Happy
80,77,97.8,2.3,Sad
99,90,98.3,4.1,Anger
90,76,98.2,4.3,Anger
75,68,98.5,0.8,Neutral
64,89,98.6,1,Neutral
83,86,98.5,3.6,Anger
71,84,97.4,1.5,Sad
61,105,98.7,1.6,Stress
86,72,99.4,3.5,Neutral
83,73,99.1,0.6,Happy
67,95,98.9,1.6,Stress
99,90,98.6,2.8,Neutral
69,72,99.2,2.2,Stress
96,64,99.2,1.3,Happy
80,81,99.5,1.5,Stress
69,91,98.8,1.8,Stress
91,98,97.2,3.3,Fear
80,94,98.6,3.9,Stress
92,100,98.6,1.6,Fear
71,80,98.2,0.5,Neutral
60,83,96.9,1.5,Sad
80,107,97.8,3.1,Stress
79,109,98,3.2,Stress
79,75,98.4,0.6,Neutral
63,73,97.9,1.8,Stress
81,93,97.8,1.6,Fear
80,109,98.2,4.4,Neutral
null,65,96.9,1.8,Sad
76,61,98.6,0.6,Guilty
71,91,98.3,2.4,Stress
80,83,99.6,2,Anger
93,73,98.5,2.2,Fear
87,89,98.4,0.2,Happy
84,60,99.1,0.8,Happy
73,85,96.5,2.4,Sad
69,77,98.9,3.1,excited
70,61,98,0.2,Neutral
64,76,98.2,2.8,Stress
72,102,99.2,3.4,Stress
76,65,98.3,0.5,Neutral
77,76,97.5,3.8,Fear
64,66,98.1,0.5,Sad
96,70,99.4,2.3,Neutral
99,81,97.9,4.2,Anger
69,82,99.3,3.9,Stress
67,87,98.4,0.5,Neutral
98,71,98.3,0.9,Happy
71,92,98.1,2.7,Stress
89,77,97.8,1,Happy
92,78,99.7,3.4,Anger
80,93,98.4,4,Fear
86,77,97.9,2.6,Neutral
68,89,98.7,0.7,Neutral
68,75,98.8,3.9,Stress
80,76,98.6,0.4,Neutral
100,87,97.3,3.6,Fear
87,89,98.4,0.7,Happy
79,73,98.5,3.5,Fear
100,73,99.5,4.4,Neutral
98,94,97.4,null,Fear
89,89,99.4,3.1,Anger
64,94,99.3,1.5,Stress
98,81,98,0.7,Happy
72,69,98.3,0.8,Neutral
100,73,99.2,2.2,Anger
71,83,98,1.8,Sad
92,63,99,0.6,Guilty
99,92,98.9,4,Neutral
90,81,99.6,3,Anger
96,70,99.1,1.2,Happy
62,97,99.2,2.7,Stress
64,75,98.7,0.7,Neutral
74,72,98,1,Neutral
82,80,98.9,2.1,Anger
80,85,97.2,2.5,Sad
89,99,98,2.9,Fear
82,82,99.1,1.4,Happy
96,90,99.1,4,Guilty
67,62,96.5,1.2,Sad
62,110,99,1.9,Stress
81,74,98.4,2.1,excited
78,75,98.2,0.4,Guilty
62,81,97,0.6,Sad
88,95,98.9,1.5,Neutral
98,85,98.2,1.2,Happy
80,95,98.7,1.9,Stress
66,96,98.9,1.6,Stress
79,67,98.3,0.6,Neutral
77,87,98.2,0.8,Neutral
86,98,98.1,4.3,Anger
61,80,98,0.7,Neutral
77,69,98.5,0.6,Neutral
65,66,98.3,0.3,Neutral
70,87,97.1,2.1,Fear
73,89,98,1.9,Sad
61,65,97.6,1.3,Sad
77,80,97.6,1.8,Fear
66,71,97.7,2.4,Sad
85,97,null,4.3,Guilty
70,96,99.4,3.8,Stress
94,73,98.9,2.1,Anger
99,60,99.2,0.9,Happy
77,82,97.9,2,Stress
90,73,98,2.8,Anger
79,83,99.4,1.6,Stress
60,95,99.1,1.7,Stress
98,70,97.6,1.7,Fear
79,67,98.5,0.9,Neutral
69,78,97.9,1,Neutral
70,73,97.5,3.2,Fear
71,72,98.2,2.4,Fear
78,83,98.7,0.9,Neutral
84,97,98.4,3.8,Anger
74,80,98,1.8,Sad
78,79,99.5,2.1,Stress
97,73,98,5,Anger
60,95,98.3,3.3,Stress
72,63,98.1,1.7,Sad
98,71,98,3.5,Neutral
100,null,null,0.5,Happy
71,72,98.8,0.2,Neutral
61,63,96.6,2.2,Sad
99,102,99.6,4.4,Neutral
95,79,99.2,2.5,Neutral
87,96,98.3,3.3,Fear
92,88,98.3,1.4,Happy
90,80,98.3,4.3,Neutral
98,85,97.5,2.6,Fear
96,92,97.9,3.2,Fear
88,79,97.8,2.6,Fear
98,70,99.6,4.4,Anger
89,87,98,4.7,Anger
62,73,98.5,0.7,Neutral
87,86,98,1.4,Happy
99,62,98.5,1.1,Happy
92,77,98.1,1.4,Happy
76,94,98.3,3.9,Fear
82,90,99.4,2.6,Neutral
69,82,98.4,0.7,Neutral
81,88,99.4,0.7,Happy
83,96,98.6,3,Anger
78,62,97.7,1.2,excited
92,88,96.8,2.4,Fear
80,97,99.6,4.9,Anger
91,83,98,2.6,Anger
61,74,98.4,3.5,Stress
76,75,98.4,1.6,Stress
71,91,97.7,3.8,Fear
71,106,99.5,1.8,Stress
68,81,98.1,0.4,Neutral
87,76,99.2,4.2,Neutral
84,92,98.4,2,Neutral
100,77,99.3,3.6,Anger
65,64,97.2,0.5,excited
70,102,99.3,3,Stress
73,75,98.1,0.5,Neutral
95,72,97.5,1.5,Fear
67,67,96.4,0.5,Sad
91,93,98.3,2.8,Fear
93,96,98,3.7,Anger
65,82,98.5,1,Neutral
80,72,98.3,3.3,Anger
63,88,98.3,0.7,Neutral
75,103,99.3,3.2,Stress
78,73,98,3.4,Fear
64,85,98.5,0.5,Neutral
62,108,99,3.8,Stress
93,78,98.4,0.9,Happy
78,80,98.3,0.6,Neutral
80,68,97.8,0.9,Sad
62,61,98.3,0.8,Neutral
99,73,97.3,3.5,Fear
68,82,98.4,2.2,Stress
72,85,99.1,2.2,Stress
93,89,98.8,1,Happy
71,79,98.1,2.4,Stress
70,77,96.5,2.4,Sad
97,77,97.8,0.6,Happy
72,84,97.2,2.1,excited
93,102,98.8,4.3,Neutral
68,85,97.5,2.1,Sad
60,105,98.5,3.1,Stress
63,83,96.8,1.9,Sad
74,94,99.6,2.1,Stress
100,83,99,2.6,Anger
91,76,99.1,1,Happy
82,92,97.9,3.1,Fear
76,85,98.2,0.2,excited
95,99,99.6,4,Anger
86,95,98.2,2,Fear
61,69,null,1.3,Sad
76,109,98.2,1.6,Stress
69,76,97.3,2.2,Sad
66,60,98.1,0.3,Neutral
60,74,98.4,0.3,Guilty
62,87,98.6,0.7,Neutral
95,81,98.2,3.6,Neutral
97,83,98.7,4.4,Anger
66,68,98.8,0.7,Neutral
70,74,97,2.6,Fear
79,93,98.4,2.3,Stress
70,86,98.5,3.9,Fear
85,82,98.4,2.5,Anger
96,83,99,3.3,Anger
75,80,97.2,1.9,Fear
97,74,98.5,3.9,Anger
73,78,98.6,0.6,Neutral
85,81,98.1,3.4,Fear
85,89,98.8,3.8,Anger
86,100,97.9,4.5,Anger
100,90,98,0.6,Happy
79,69,98.1,0.6,Neutral
77,87,98.9,1.7,Stress
83,105,98.3,4.1,Neutral
92,90,98.2,0.9,Happy
73,71,98.6,0.4,Neutral
73,76,98.6,2.5,Fear
72,72,98.6,1.7,Stress
97,70,98.3,0.7,Happy
85,68,98.4,1.2,Happy
90,71,98.2,2.7,Anger
71,66,98.1,0.5,Neutral
68,79,97.6,1.6,Sad
60,66,98,0.6,Neutral
75,72,97,1.3,Sad
72,88,98.6,0.6,Neutral
87,68,99,1.1,Happy
71,82,97.6,1.8,Sad
88,100,97.1,2.1,Fear
75,79,96.6,2,Sad
77,68,98.1,0.3,Neutral
66,69,98.3,0.2,Neutral
73,71,98.7,0.9,Neutral
97,75,97.9,2.8,Anger
70,78,98.6,2,Stress
67,86,96.9,0.8,Sad
95,72,98.9,2.4,Anger
98,85,97.9,3.4,Fear
76,67,98.5,0.7,Neutral
64,110,99,3,Stress
71,86,97.9,2.2,Fear
76,89,99,3,Stress
93,60,97.7,0.6,Happy
91,90,99.1,1.2,Happy
64,110,98.7,3.3,Stress
86,69,99.4,1.3,Happy
88,60,99.1,0.2,Happy
78,90,98.4,0.3,Neutral
80,79,98.3,0.2,Neutral
67,80,98.1,3.7,Stress
63,91,98,1.9,Stress
64,68,97.2,0.8,Sad
78,71,97.8,0.6,Neutral
71,87,98,0.8,Neutral
76,81,97.9,2.3,Fear
96,97,98,2,Fear
76,105,99.3,3.7,Stress
65,62,98.1,0.5,Neutral
77,70,98.2,0.4,Neutral
75,71,97.6,2,Fear
95,81,99.2,3.7,Anger
61,81,97.5,1.6,Sad
85,70,99.2,4.3,Neutral
78,108,98,3.2,Stress
81,92,98,4.2,Anger
67,68,96.7,2.2,Sad
77,84,97.8,0.5,Neutral
91,71,97.5,2.7,Fear
83,75,99.5,3.2,Anger
88,99,98.5,3.4,Fear
88,94,99.5,3.4,Neutral
99,95,99.5,3.3,Neutral
65,68,97.9,0.3,Neutral
75,87,97.9,0.7,Sad
66,88,96.5,1.1,Sad
83,89,98.8,0.6,Happy
60,107,97.9,2.2,Stress
73,80,99.2,1.9,Stress
84,76,98.3,4.6,Anger
93,92,97.4,1.9,Fear
71,101,99.1,1.5,Stress
79,85,97.9,2.9,Stress
79,80,97.6,0.9,Sad
90,74,98,4.8,Anger
65,69,98.1,0.9,Neutral
80,88,97.6,1.8,Sad
77,85,98.3,0.2,Neutral
82,89,97.7,2.4,Fear
72,86,98.8,0.8,Neutral
95,65,99,1.5,Happy
61,89,98.7,0.6,Neutral
73,74,99.6,1.8,Stress
78,61,96.4,2,Sad
86,96,98.6,3.3,Anger
63,91,98.7,2.1,Stress
64,69,97.9,0.7,Neutral
96,98,99.7,2.4,Anger
76,74,97.7,0.8,Sad
73,61,97,2,Sad
84,74,97.9,0.7,Happy
68,89,98.5,0.3,Neutral
79,67,97.9,0.3,Neutral
72,89,97.9,1.6,Fear
60,81,98.2,0.6,Neutral
96,72,97.2,2.3,Fear
83,87,98.6,0.3,Happy
77,73,97.4,1.9,Sad
71,66,98.2,0.2,Guilty
88,90,97.9,3.8,Anger
95,76,97.9,1.1,Happy
77,86,98.5,0.7,Neutral
63,67,96.4,1.7,Sad
75,60,96.6,2.1,Guilty
80,80,98.1,3.8,Neutral
69,63,98,1.6,Sad
98,89,98.4,3.9,Neutral
62,88,99.2,2.6,Stress
92,84,97.6,3.1,Fear
96,65,98.9,1.5,Happy
92,61,99.1,1.1,Happy
69,62,97.2,0.5,Sad
84,103,99.6,1.6,Neutral
80,71,96.6,2.4,Sad
70,87,97.9,3.5,Stress
74,63,98.5,0.9,Neutral
91,99,99.5,2.6,Anger
82,62,98.4,0.5,Happy
60,86,97.9,0.9,Sad
79,62,98.6,0.4,Neutral
97,98,98.9,3.8,Anger
74,76,98.4,2.3,Fear
91,72,99.1,0.9,Happy
79,71,98.6,3.2,Fear
68,71,98.1,0.6,Neutral
67,73,98.5,0.7,Neutral
78,107,99.3,3.7,Stress
71,97,99.3,3.4,Guilty
84,90,99.1,4.5,Anger
66,85,98.5,1.9,Stress
75,89,98.4,0.6,Neutral
82,70,98.2,3.2,excited
100,86,96.9,3.2,Fear
93,100,99.4,4.1,Neutral
89,69,98.6,1.3,Happy
94,67,99.1,1,Happy
null,83,null,3.4,Stress
73,109,98.4,1.6,Stress
100,71,98.1,2.7,Neutral
85,86,99.2,0.3,Happy
77,76,97.8,1.8,Sad
75,67,97.9,0.5,Neutral
63,83,98.3,2.4,Sad
95,106,98.7,2,Neutral
98,80,99,2.4,Neutral
80,81,99.4,2.8,Anger
86,100,97.6,2.8,Fear
72,85,99.3,3.9,Stress
61,62,98.2,0.6,Neutral
66,78,98.5,0.3,Neutral
86,86,98.2,4,Neutral
79,89,97.3,3.3,Fear
71,76,98.2,3.4,Stress
98,81,98.2,1.4,Happy
77,65,98.6,0.5,Neutral
82,75,99.7,3.5,Neutral
88,85,98.5,2.5,Anger
72,68,98.5,0.5,Neutral
75,78,97.8,0.3,Neutral
89,102,98.5,4.4,Neutral
79,68,97.9,0.8,Sad
88,77,98.6,0.6,Happy
94,89,99,2.9,Neutral
68,102,97.9,2.6,Stress
79,85,97.5,2,Sad
75,81,98.2,2.6,Fear
73,97,98.2,3.7,Fear
100,63,98.4,0.5,Happy
78,64,98.5,0.8,Neutral
84,97,99.3,2.1,Neutral
74,98,97,1.9,excited
95,78,98.5,1.4,Happy
95,87,97.4,2.2,Fear
89,74,97.9,1.6,Fear
67,76,97.9,0.5,Neutral
93,88,98.5,2.7,Anger
72,73,98.6,0.3,Neutral
74,63,97,1.9,Sad
63,81,99,1.6,Stress
68,84,96.9,2.3,Sad
92,95,97.9,2.9,Neutral
64,88,97.7,1.3,Sad
90,85,98.8,0.2,Happy
60,81,98.3,0.3,Neutral
60,85,97.1,2,Sad
65,72,98.3,0.5,Neutral
81,95,97.9,2.3,Fear
68,87,97.7,1.2,Sad
88,80,98.1,1.7,Fear
77,81,99.2,2.1,Stress
66,87,96.4,1.2,Sad
72,79,97,1.5,Sad
94,72,99.3,0.7,Happy
71,75,97,2.4,Fear
72,107,99.2,1.8,Stress
80,87,98.6,3.3,Anger
96,62,98.4,1.4,Happy
90,67,98,0.2,Happy
99,87,97.2,3.4,Fear
76,101,98.3,2.2,Stress
71,72,98,1.7,Sad
78,91,99.2,2.3,Stress
84,95,97.1,1.8,Fear
72,104,98.3,1.9,Stress
69,84,98,0.6,Sad
89,89,98.6,2.4,Anger
68,75,98.6,2.1,Stress
71,65,97.9,0.5,Neutral
83,82,98.2,2.9,Anger
69,70,96.5,2.3,Sad
81,73,98.5,0.3,Happy
78,63,98.3,1.4,Sad
74,78,96.7,2.2,Sad
96,90,97.1,1.8,Fear
72,72,99.5,3.3,Stress
61,72,98.2,0.9,Neutral
70,60,98.6,0.7,Neutral
99,74,98.1,3.2,Fear
72,84,97.7,3.1,Fear
63,69,96.7,0.9,Sad
96,86,98.3,0.4,Happy
65,97,98.6,3.1,Stress
69,81,98.1,0.6,Neutral
92,98,98.3,2.5,Fear
81,95,98.3,3.8,Neutral
99,110,99.6,2.3,Neutral
70,84,98.5,0.6,Neutral
78,94,98.4,2.3,Fear
89,91,97.6,2.1,Fear
85,87,99,1.6,Guilty
62,84,97.3,1.7,Sad
75,70,98.4,0.8,Neutral
90,99,97.5,3.5,excited
90,84,97.1,2.1,Fear
70,77,97.6,0.5,Sad
90,84,97.8,3.5,Fear
95,82,98,0.3,Happy
65,63,98,1,Sad
95,85,98,3.7,Anger
67,74,98.9,2.3,Stress
70,61,96.4,1.1,Sad
66,82,98.5,0.4,Neutral
83,72,97.7,3,Fear
85,81,99.2,2.4,Anger
64,88,96.5,2.2,Sad
63,75,98.5,0.2,Neutral
81,85,99.1,4.5,Anger
97,72,98.6,3.7,Anger
70,67,null,1.9,Sad
72,105,98.9,2.9,Guilty
90,91,97.5,2.4,Fear
69,85,98,0.7,Neutral
76,78,97.3,2.3,Fear
66,87,98.6,0.9,Neutral
100,110,98.8,3.1,Neutral
71,81,98.5,0.8,Neutral
79,65,96.8,2.2,Sad
73,72,98.3,2.3,Sad
null,99,98.7,3.1,Anger
88,76,98.5,1.3,Happy
75,72,96.8,1.4,Sad
100,78,98.1,2.5,Anger
72,104,99,1.6,Stress
92,70,98.6,2.9,Fear
82,101,98.6,3.6,Neutral
80,94,97.8,2.7,excited
71,84,98.5,0.8,Neutral
72,90,98.5,0.8,Neutral
83,110,99.2,4.3,excited
69,62,98.6,0.6,Neutral
79,85,98.2,3.7,Stress
73,98,98.3,3.4,Stress
65,78,97.9,1.4,Sad
80,106,98.9,2.8,Stress
77,74,98.8,0.3,Neutral
90,80,97.1,2.9,Fear
62,61,98.8,0.7,Neutral
76,65,97.6,0.6,Sad
78,88,97.9,1.4,Sad
81,70,99.5,0.2,Happy
63,91,99,3.6,Stress
69,84,98,3,Stress
82,79,97.8,2.4,Fear
79,76,96.9,3.3,Fear
67,63,98.1,0.9,Sad
73,75,97.3,3,Fear
82,87,97.8,0.7,Happy
74,86,97.9,1.6,Sad
61,73,99,2.9,Stress
61,89,97.5,1.7,excited
76,79,98.4,2.9,Stress
68,80,96.4,2.2,Sad
62,96,98.1,3.6,Stress
69,92,97.9,3.5,Guilty
65,106,99.1,3.5,Stress
88,82,97.9,0.6,Happy
86,79,98,2.3,Fear
83,99,98,2.6,Fear
84,73,99.3,0.7,Happy
88,64,98.4,1.2,Happy
79,81,96.6,2,Sad
73,71,98.8,3,Stress
80,78,98.8,3.9,Neutral
92,80,98.9,3.2,Anger
97,86,98.4,0.5,Happy
89,88,98.1,3.1,Fear
80,72,97,1.6,Sad
68,92,98.3,1.7,Stress
95,79,97,2.1,Fear
100,83,98.9,0.5,Happy
61,66,97.9,1,Neutral
78,67,98.2,0.3,Neutral
74,78,98.2,1.4,Sad
85,72,98.9,3.9,Anger
92,88,99.1,2.4,Neutral
64,72,99,3.6,Stress
91,97,98.8,3.3,Anger
80,98,98.5,4,Fear
80,74,99.4,1,Happy
76,87,98.5,0.3,Neutral
70,61,98.5,0.4,Neutral
89,80,97.4,3.2,Fear
80,80,98.6,1,Neutral
66,77,98.7,1,Neutral
97,99,98.5,3.5,Neutral
83,92,97.3,2,Fear
83,94,99.3,3.1,Neutral
93,85,99.4,1.1,Happy
91,67,99.5,1.4,Happy
86,68,97.8,1.2,Happy
77,79,97.9,2.3,Fear
86,86,99.1,0.7,Happy
77,73,98.6,3.7,Stress
91,109,98.7,3.6,Neutral
87,90,98.3,null,Anger
70,70,96.6,1.6,Sad
92,88,97.9,3.9,Anger
91,63,99.2,1.1,Happy
71,77,96.9,1.6,Fear
80,70,98.6,0.6,Happy
94,98,98.4,3.7,Fear
91,89,98.5,1.5,Happy
70,71,98.1,0.3,Neutral
98,94,98.7,4.9,Anger
88,91,99.4,2.9,Anger
62,105,98.2,2.7,Stress
68,77,98.1,0.7,Neutral
76,102,97.9,2.7,excited
99,88,97.2,3.5,Fear
77,80,98.6,0.8,Neutral
78,98,98.6,2.8,Fear
76,84,98.4,2.7,Stress
89,89,98.3,0.6,Happy
61,80,98.4,0.3,Neutral
60,65,97.9,0.7,Sad
97,83,98.9,1.4,Happy
94,90,97.5,1.7,Fear
94,97,98.2,3,Anger
88,87,98.3,0.3,Happy
67,75,98.3,2.9,Stress
70,103,98.2,1.5,Stress
90,87,98.2,2.9,Fear
68,103,98.2,2.6,Stress
98,71,97.8,2.1,Fear
60,83,97.7,1.3,Sad
76,90,96.4,2.1,Sad
79,80,99.4,3.1,Stress
92,79,98,0.6,Happy
79,96,97.4,3.3,Fear
67,85,97,2,Sad
99,80,97.8,2.1,Fear
73,81,97.1,2.1,Sad
78,82,97.9,2,Sad
68,79,98.2,0.4,Neutral
61,72,98.6,0.5,Neutral
91,85,98.7,0.7,Happy
82,83,98,4.5,Neutral
83,98,97.8,2,Fear
100,89,98.9,2.5,Anger
66,82,98.3,1.8,Sad
80,93,99.3,3.3,Stress
76,89,96.7,1.1,Sad
70,100,98.1,3.3,Stress
66,71,98.5,0.9,Neutral
75,82,98.2,1.1,excited
82,82,98.8,3.3,Anger
70,65,97,1.7,excited
67,70,98.5,3.5,Stress
75,73,97.2,2,Sad
84,77,98.5,0.2,Happy
74,85,98.4,0.2,Neutral
96,75,97.3,1.9,Fear
81,82,98,4,Anger
72,86,98.4,0.3,Neutral
83,96,97.5,2.2,Fear
83,62,98.7,0.4,Happy
80,63,96.4,2,Sad
64,90,98.5,0.5,Neutral
78,79,97.3,1.7,Fear
67,97,97.9,3.4,Stress
71,87,98.9,2.9,Stress
91,89,98.4,3,Neutral
92,82,97.3,2.5,Fear
76,79,98,0.6,Neutral
72,90,97.8,0.7,Neutral
84,74,98.3,0.9,Happy
64,64,96.7,1.6,Sad
72,89,96.9,1.1,Sad
98,100,99,4.5,Anger
82,98,98.9,2.3,Neutral
84,99,98.2,2.9,Fear
89,82,99.6,4.8,Anger
90,99,97,3.8,Fear
70,80,98.5,3.4,Fear
74,78,98,0.7,Neutral
100,61,99.5,0.3,Happy
64,90,98.4,0.7,Neutral
92,null,98.8,2.1,Anger
75,90,98.5,2.3,Fear
65,87,97,0.8,Sad
86,95,99.3,2.3,Anger
63,85,97.6,1.2,Sad
63,81,96.4,1.1,Sad
74,70,98.6,3.3,Stress
93,68,98.1,0.5,Happy
99,99,97,3.6,Fear
92,87,99.2,1.4,Happy
81,88,98.6,3.1,Fear
65,74,98.1,0.9,Neutral
78,100,99.1,1.7,Stress
78,86,97.8,1.9,Sad
82,85,99.4,0.9,Happy
63,63,98.2,2.4,Sad
92,68,98.2,1.1,Happy
94,79,99.2,2.5,Neutral
80,82,99.2,4,Stress
71,95,97.5,2.9,Fear
88,77,98.1,0.9,Happy
71,89,98.8,0.7,Neutral
70,77,98.6,0.7,Neutral
94,88,98.3,3.6,Fear
64,87,98.6,0.7,Neutral
91,110,98.5,4.5,Neutral
94,60,98.8,1,Happy
71,95,99.3,2.6,Stress
75,75,98,2.2,Sad
67,86,98.5,0.5,Neutral
65,77,97,2.2,Sad
61,69,97.8,1,Neutral
80,62,98.8,0.9,Happy
78,74,98.1,0.2,Neutral
67,75,97.9,1,Neutral
80,86,98.1,4,Stress
74,107,98.2,1.5,Stress
84,63,98.9,1.3,Happy
79,73,97.9,1.6,Sad
61,78,98.5,0.6,Neutral
85,94,98,2.8,Guilty
65,84,98.3,0.8,Neutral
68,85,98.2,0.5,Neutral
70,65,97.6,0.8,Sad
83,64,98.4,1.1,Happy
93,82,99.1,4.7,Anger
84,72,97.8,0.9,Happy
62,78,97.8,0.9,Sad
67,83,97.6,0.7,Sad
85,79,96.9,2.1,Fear
87,82,98.8,1.1,Happy
86,95,97.2,3.4,Fear
94,92,98.3,3.9,Anger
74,77,97.3,3.2,Fear
74,105,99.4,1.9,Stress
72,99,99.3,3.9,Stress
93,67,98.8,0.6,Happy
83,70,99.2,4.7,Anger
76,80,98,0.5,Neutral
65,70,98.2,1,Sad
85,64,98.6,0.5,Happy
77,81,98.1,1.7,Sad
100,93,96.8,1.8,Fear
99,102,98.5,3.3,Neutral
63,61,97.9,0.3,Neutral
62,85,96.6,1.6,Sad
90,77,98.3,3.8,Fear
69,65,98.6,1,Neutral
68,87,97.9,1,Neutral
75,91,98.1,3.8,Stress
85,83,98.1,2.2,Fear
96,72,98.4,4,Fear
73,86,99.1,2.3,Stress
89,100,98.2,2.1,Anger
93,87,99.3,4.2,Anger
95,89,99,3.2,Anger
70,89,99.5,3.1,Stress
90,82,98.2,1.3,Happy
73,72,98.2,2.3,Sad
71,110,97.9,2.5,Stress
97,93,99,3.4,Anger
81,90,98.4,4.3,Anger
92,84,98.5,0.4,Happy
68,75,97.9,1,Neutral
80,75,98.7,0.5,Neutral
63,76,98,0.3,Neutral
94,84,99.5,2.1,Neutral
82,87,99.4,0.8,Happy
67,87,98.1,0.4,Neutral
83,89,98,3,Anger
94,87,97,3.9,Fear
80,71,98.1,0.8,Sad
70,82,97,1.5,Guilty
100,99,98.2,2,Anger
78,82,98.3,1.8,Fear
80,73,99.4,1.3,Happy
94,95,98.3,2.2,Fear
100,74,99.3,2.8,Anger
81,80,98.3,1.1,Happy
92,99,98.6,3.8,Neutral
76,61,97.8,0.7,Neutral
69,65,98.5,0.7,Neutral
81,99,98.8,3.4,Anger
72,67,98.7,0.6,Neutral
82,88,96.9,2,Fear
83,109,97.9,3.9,Neutral
78,76,97.1,2.1,Sad
75,82,98.1,0.8,Neutral
88,93,97.1,3.3,Fear
80,81,98.2,2.2,Sad
77,81,98.4,0.9,Neutral
85,84,98,2.5,Neutral
85,70,98,1.1,Happy
83,96,98.2,2.4,Anger
63,85,96.8,0.8,Sad
83,84,98.5,0.9,Happy
80,67,98.5,1.2,Happy
70,74,98.2,0.7,Neutral
64,72,98.4,0.3,Neutral
91,75,98.2,3,Anger
68,79,98.7,0.6,Neutral
87,90,98.3,0.8,excited
78,93,98.2,1.7,Stress
70,81,98,1.4,Sad
79,104,98.8,2,Stress
62,109,99.1,3.8,Stress
84,77,98.5,0.3,Happy
68,72,98,0.3,Neutral
75,71,96.8,1.2,Sad
80,61,98.5,0.6,Neutral
72,87,96.8,1.9,Sad
73,79,97.9,0.5,Neutral
96,77,98.6,1.8,Neutral
96,61,98.7,0.8,Happy
72,89,97.4,1.4,Sad
81,64,97.8,0.5,Happy
62,91,99.3,1.5,Stress
74,65,97.7,1.1,Sad
73,78,97.9,1.9,Stress
73,84,98.5,0.9,Neutral
66,74,98.1,0.3,Neutral
94,76,98.8,3.1,Anger
82,98,99.3,2.3,Anger
93,87,99.3,1.4,Happy
74,63,98.1,0.4,Neutral
88,73,98.8,2.3,Neutral
84,82,98.5,1.2,Happy
94,99,99.3,1.6,Neutral
76,72,98.2,0.6,Neutral
96,88,99.1,3.8,Anger
77,105,98.3,1.7,Stress
87,93,99.4,3.5,Neutral
66,78,98.6,0.6,Neutral
100,95,98.2,4.8,Anger
89,77,98.3,4.5,Anger
67,82,97.8,0.6,Neutral
71,82,98.1,0.4,Neutral
64,65,98,0.6,Neutral
73,65,98.2,0.7,Neutral
82,70,99.7,4.8,Anger
97,61,98.1,0.7,Happy
62,86,96.9,1.2,Sad
93,70,99.4,0.8,Happy
83,76,99.3,3.6,Anger
67,105,97.8,2.7,Stress
60,66,96.5,2.3,Sad
95,68,98.9,1.2,Happy
85,105,98,2.7,Neutral
80,97,98.3,2.7,Stress
98,94,99.6,2.3,Anger
82,95,98.2,4.9,Anger
100,87,97.8,1.7,Fear
78,69,97.8,0.7,Neutral
69,72,96.6,2.3,Sad
98,60,98.5,0.7,Happy
63,88,97.4,1.6,excited
93,85,99.1,1.3,Happy
91,90,98.2,2.5,Anger
75,84,99.5,3.6,Stress
71,88,97.4,2,Fear
83,98,98,2.6,Anger
null,68,98.4,0.3,Neutral
63,70,97.1,0.7,Sad
80,92,96.9,3.9,Guilty
100,93,98.2,2,Neutral
76,70,98.4,0.9,Neutral
78,86,98.6,0.2,Neutral
86,90,99,0.4,Happy
66,88,98.6,3.5,Stress
88,86,98.3,0.5,Happy
71,72,98.7,3.5,Stress
85,72,97.5,1.9,Fear
93,92,99.6,3.9,excited
62,100,98.1,1.6,Stress
76,100,99.4,3,Stress
87,107,99.5,4.2,Neutral
72,75,97.3,1.9,Sad
60,86,98.4,0.2,Neutral
73,76,98.6,2.7,Stress
63,75,97.4,1.2,Sad
87,93,98.3,4.3,Anger
83,76,98.1,4.4,Anger
91,89,97.4,1.7,Fear
85,62,98.4,0.2,Happy
63,67,97,1.8,Sad
99,87,98.6,0.3,Happy
90,87,97.7,3.2,Fear
65,83,98.6,0.6,Neutral
76,71,98.9,3.7,Stress
76,73,98.5,0.4,Neutral
71,88,97,0.6,Sad
96,76,97.5,3.1,Fear
80,94,98.5,3.3,Fear
89,74,99.2,3.7,Anger
84,90,97.3,3.8,Fear
79,96,97.6,2.6,Fear
81,77,99,4.4,Anger
93,65,98,0.7,Guilty
62,76,97.3,1.5,Sad
87,78,98.2,4.8,Anger
71,79,98.4,2.8,Stress
65,62,97.1,1,Sad
82,77,97.8,1.3,Happy
90,97,98.7,3.6,Neutral
97,93,98.3,3.3,Fear
71,63,98.2,0.6,Neutral
78,90,98.9,3,Stress
86,99,98.7,4.4,Anger
66,80,97.6,2.2,Sad
79,95,98.3,2.2,Stress
76,72,98.3,0.8,Neutral
98,87,99.6,2.7,Anger
76,99,98.9,3.6,Stress
81,75,97.9,1.2,Happy
86,82,99.4,1.2,Happy
71,83,96.9,0.7,Sad
96,71,99.6,2.1,Anger
78,100,99.3,2,Stress
94,70,97.3,3,Fear
68,88,98.2,0.4,Neutral
95,90,99.4,2.6,Neutral
87,108,99.7,4,Neutral
87,94,98.3,2.7,Anger
61,65,96.9,1.9,Sad
74,83,97.9,0.6,Neutral
83,61,98.5,0.9,Happy
99,77,98,0.6,Happy
100,71,99.7,3.2,Anger
79,73,97.6,3.1,Fear
66,83,97.3,0.9,Sad
81,76,98.4,3.5,Anger
80,87,98.3,3.1,Anger
70,76,97.9,0.3,Neutral
78,69,98,0.8,Neutral
98,94,98.8,4.5,Neutral
66,62,98.7,0.9,Neutral
99,70,98,4.4,excited
63,110,99.6,2,Stress
63,83,99.3,1.6,Stress
62,84,97.8,0.4,Neutral
80,72,99.5,3.5,Neutral
82,71,99,3.4,Anger
80,75,96.9,1.1,Sad
64,71,98.1,0.8,Neutral
83,71,99.4,0.4,Happy
66,83,97.7,1,Sad
91,88,99,4.5,Neutral
93,99,98,2.4,Anger
68,94,98.6,1.8,Stress
73,91,96.8,3.1,Fear
74,89,99.1,2.3,Stress
70,84,98.2,0.8,Neutral
81,90,99.6,3.8,Anger
82,97,98.4,2.8,Fear
88,86,99.7,3.2,Anger
70,72,97.4,3.2,Fear
82,64,97.9,0.6,Happy
79,88,98.1,3.5,Fear
73,79,98.6,0.3,Neutral
75,79,98.6,0.9,Neutral
86,95,98.7,2.5,Neutral
70,92,99.6,3.2,Stress
67,71,98,0.9,Neutral
98,86,99.1,0.8,Happy
62,79,98.6,0.4,Neutral
97,84,98.5,3.7,Neutral
74,78,98,0.5,Neutral
91,96,98.1,3.6,Anger
93,85,97.8,3.8,Fear
70,76,98.1,3.5,Fear
80,88,96.6,0.7,Sad
99,75,99,3.2,Anger
80,99,98.6,1.7,Stress
82,99,97.4,3.2,Fear
85,99,97.8,3.5,Fear
68,79,99.2,3.1,Stress
100,109,98.1,1.7,Guilty
74,63,98.2,0.7,Neutral
82,71,98.4,2.1,Fear
99,89,97.9,1.1,Happy
80,102,98.4,3.5,Neutral
89,84,99.3,1.2,Happy
78,86,97.9,0.7,Neutral
60,98,99.2,3.8,Stress
96,81,98.6,2.3,Anger
75,72,99.1,2.6,Stress
94,75,98.1,5,Anger
75,86,98,2.4,Sad
84,92,98,3.2,Neutral
72,86,97,2.3,Sad
60,87,98.1,0.8,Neutral
64,71,98.5,2.1,Stress
71,73,96.7,2.4,Sad
94,85,99.3,0.6,Happy
68,84,96.4,0.5,Sad
81,62,97.8,0.4,Happy
82,95,99,2.3,Anger
88,71,99.1,1,Happy
96,75,97.3,1.9,Fear
100,97,99.4,3.7,Anger
80,80,98.6,0.9,Neutral
65,95,98.2,2.3,Stress
71,88,98,0.8,Neutral
67,82,98.1,0.2,Neutral
84,75,98.1,2.6,Anger
80,63,97.8,1.3,Sad
93,74,98.3,3.3,Fear
76,78,97.3,3.3,Fear
92,74,98.7,1.2,Happy
76,85,98,3.5,Guilty
79,96,97.2,3,Fear
89,94,98,4.3,Anger
84,84,98.7,1.2,Happy
96,95,98.3,1.9,Neutral
91,62,98,0.4,Happy
63,74,98.1,0.4,Neutral
91,70,98.8,4,Anger
63,79,98.2,0.5,Neutral
65,75,97.1,0.5,Sad
68,95,98.5,2.6,Stress
90,89,98.3,0.9,Happy
81,69,99.2,0.6,Happy
77,89,96.8,2.5,Sad
94,66,98.5,0.6,Happy
90,93,98.8,2.2,Anger
60,72,97.8,0.3,Neutral
93,94,98.5,3.7,Fear
60,100,98.1,2.8,Stress
86,60,98,0.4,Happy
76,69,98.3,0.8,Neutral
70,75,98,1.6,Sad
61,103,99.2,1.7,Stress
86,99,99.3,3.2,Anger
79,83,98.2,1.9,Sad
96,95,98.4,2.8,Anger
97,89,98.6,4.8,Anger
68,74,98.8,3.6,excited
86,84,98.4,2.4,Fear
79,null,98.6,0.7,Neutral
82,98,97.8,2.4,Fear
92,72,98.9,2.3,Anger
93,69,98,0.5,Happy
96,72,98.8,2.4,Anger
63,110,99.3,2.3,Stress
72,80,98.4,1,Neutral
92,79,99.4,4.3,Anger
70,74,98.7,0.9,Neutral
87,74,98.3,0.9,Happy
85,84,98.8,0.3,Happy
80,106,98.9,3.4,Stress
82,92,99.6,3.2,Anger
80,87,98.1,4.2,Anger
91,64,98.6,0.2,Happy
76,72,97.9,0.7,Neutral
79,76,97,0.5,Sad
99,84,97.1,2,Fear
83,86,98,1.2,Happy
88,87,99.3,4.3,Anger
99,87,98.3,0.9,Happy
92,91,98.5,3.1,Anger
60,84,98.7,3.2,Stress
77,73,98.6,0.7,Neutral
62,63,96.5,2.3,Sad
89,85,99,3.8,Neutral
80,79,98.2,2.3,Anger
79,102,99.5,2,Stress
88,72,98.3,4.8,Anger
80,70,99.1,3.1,Anger
84,75,99.2,3.3,Neutral
97,77,98.2,0.8,Happy
100,82,98.2,0.3,Happy
66,66,98.7,0.3,Neutral
67,67,98.5,1,Neutral
93,83,98,0.7,Happy
91,89,99,1.3,Happy
93,92,98.9,5,Anger
91,72,99.4,2,Neutral
95,76,98.5,4.8,Anger
75,78,98.2,0.4,Neutral
78,89,98.3,0.9,Neutral
93,63,98.8,1.1,Happy
71,66,97.8,0.3,Neutral
75,71,96.7,1.4,Sad
96,77,98.4,3,Fear
91,68,98.2,1.1,Happy
83,81,97.9,1.2,Happy
73,87,98.2,3.1,Fear
94,85,98,3.9,Fear
78,75,98,0.8,Neutral
87,95,99.5,3.4,Anger
67,70,null,0.6,Neutral
72,80,96.6,0.8,Sad
91,93,97.8,2.2,Fear
92,72,97.9,2.4,Neutral
93,86,97.2,3.7,Fear
77,85,97.1,3.2,Fear
67,89,97.5,0.5,Sad
83,105,98.6,2.1,Neutral
83,98,97.9,3,Anger
75,77,97.8,1.9,Sad
64,103,98.2,3.5,Stress
97,66,98,0.8,Happy
78,89,98.2,2.4,Sad
100,96,96.8,2.3,Fear
67,72,98.4,0.2,Neutral
84,87,97,3.9,Fear
91,85,98.6,2.8,Anger
99,74,98.1,2.6,Fear
78,85,98,0.4,Neutral
91,89,99.4,3,Neutral
85,83,98.3,4.2,Neutral
69,64,98.6,0.6,Neutral
80,84,98.8,4.8,Anger
73,100,99,2.3,Stress
73,86,96.8,1.3,Sad
100,80,98.6,1.2,Happy
60,73,98.3,4,Stress
71,85,97.7,3,Fear
76,86,98.5,0.8,Neutral
96,60,99.3,1.5,Happy
91,null,99.5,3.8,Anger
79,72,98.3,3.7,Stress
86,100,99.2,3.9,Anger
67,109,98.9,2.2,Stress
69,77,98.7,0.9,Neutral
86,87,99.5,4.4,Anger
91,60,98.9,0.4,Happy
61,79,97.3,1.2,Sad
79,83,98,3.3,Fear
69,72,98.3,0.3,Neutral
65,60,97.8,1.9,Sad
69,90,96.5,0.5,Sad
69,79,98.2,2.3,Sad
76,61,96.9,2.5,Sad
96,80,98.2,1.1,Happy
71,68,97.4,2.4,Sad
76,72,98,0.6,Neutral
94,93,96.9,2.4,Fear
94,79,99,3.6,Anger
65,78,97.2,0.7,Sad
79,88,98,0.5,Neutral
88,80,98.5,2.6,Fear
94,81,98.4,3.1,Fear
62,86,97.9,1,Sad
87,100,98.1,4.6,Anger
73,75,97.4,1.5,Sad
77,76,98.2,3.3,Fear
82,82,98.2,0.9,Happy
82,78,98.5,3.6,Neutral
99,94,98,4.5,Anger
89,72,98,1,Happy
82,88,98.6,1.1,Happy
87,87,98,1.5,Happy
80,81,97.9,1.9,Fear
80,90,98.2,3.5,Anger
73,92,98.6,3.8,Fear
79,90,98.2,0.4,Neutral
62,71,98.4,0.7,Neutral
92,90,98.4,1.7,Fear
73,82,98.2,1.7,Fear
76,103,99.4,1.9,Stress
100,62,98.1,0.6,Happy
99,97,99.5,2,Anger
80,91,99,3.9,Stress
91,60,99.4,0.8,Happy
64,86,97.3,0.7,Sad
82,65,98.2,0.5,excited
74,74,98,0.7,Neutral
78,85,97.7,2.2,Sad
75,80,98.2,3,Fear
89,73,98,3.4,Neutral
76,106,99.6,2.9,Stress
74,70,97.7,3.9,Fear
77,87,97.2,1.1,Sad
72,88,97.5,2,Fear
67,100,99.3,3.6,Stress
68,74,98,1,Sad
84,70,99.6,2.9,Anger
90,71,98.4,2.6,Neutral
61,65,97,1.9,Sad
96,88,98,4.3,Anger
80,102,98,2,Stress
78,73,98.2,0.8,Sad
63,84,98.4,0.9,Neutral
71,77,98.3,2.1,Sad
68,78,96.4,1.1,Sad
68,81,97.9,0.3,Guilty
97,65,98.3,0.6,Happy
74,89,97.6,3.1,Fear
90,78,99,3.2,Anger
99,71,99,1.1,Happy
73,82,98.3,2.8,Fear
70,70,99.5,2.5,Stress
73,92,98.4,1.9,Fear
63,62,98.1,0.9,Sad
94,74,98.9,4.8,Anger
81,77,98.2,0.7,Happy
66,81,98.1,0.3,Neutral
85,82,98.9,0.7,Happy
99,78,98.9,0.9,Happy
96,78,99.1,4.6,Anger
74,90,98.3,0.4,Neutral
100,72,98.5,1.8,Neutral
63,76,97.9,1.2,Sad
80,93,98.2,3.9,Stress
75,76,97.4,2.3,Sad
82,77,99.2,3.3,Neutral
60,84,98,0.6,Neutral
73,89,98.5,0.8,Neutral
75,89,99.2,3.6,Stress
82,70,97.3,2.5,Fear
78,79,98.8,1.7,Stress
81,85,99.2,0.8,Happy
100,68,99.2,1.1,Happy
69,79,99.6,2.2,Stress
86,72,99.4,1.4,Happy
96,83,98.9,0.8,Happy
89,97,96.9,3.2,Fear
84,94,99.1,4.1,Neutral
70,83,97.3,2.7,Fear
70,71,97.8,0.8,Guilty
75,77,98.5,0.5,Neutral
61,62,97,1.5,Sad
88,80,98.2,3.6,Anger
75,60,98.2,0.6,Neutral
71,74,98.5,0.9,Neutral
61,81,96.9,1.6,Sad
96,90,98.2,0.9,Happy
86,71,98.5,3.5,Anger
77,68,97.1,1.3,Sad
100,94,98.4,4,Neutral
74,85,null,0.4,Neutral
94,105,98.7,1.7,Neutral
73,68,97.9,0.9,Guilty
88,78,96.9,3,Fear
87,87,98.3,3.2,Neutral
70,78,98.4,0.4,excited
94,61,97.7,0.7,Happy
94,104,98,2,Neutral
82,79,98.7,2.5,Anger
74,85,98.3,2.4,Sad
84,71,98.7,1.3,Happy
65,67,97,1,Sad
72,70,96.5,1.8,Sad
99,102,98.7,4.4,excited
86,87,98.7,3.1,Neutral
85,102,98.9,4.5,Neutral
79,62,98.3,0.8,Neutral
94,90,99,0.9,Happy
84,63,99,0.4,Happy
64,90,98.3,0.5,Neutral
60,100,99.6,2.6,Stress
70,62,97.4,2,Sad
69,79,97.1,1.5,Sad
90,75,97.1,2.7,Fear
87,74,98.2,4,Anger
85,94,99,2.7,Neutral
79,107,98.7,3.8,Stress
76,78,98.5,1.8,Stress
74,70,97.8,3.6,Stress
76,88,98,0.8,Neutral
78,66,98.1,1.9,Sad
76,105,98.6,2.5,Stress
83,63,98.5,1.3,Happy
86,75,98.3,2.3,Fear
76,76,99.2,3.3,Stress
81,99,97.4,3.1,Fear
80,67,98,0.5,Sad
88,98,97.2,2.2,Fear
62,60,98.3,0.9,Neutral
66,60,98.6,0.8,Guilty
89,76,98.9,0.5,Happy
67,84,96.4,1,Sad
75,64,98.4,0.7,Neutral
73,86,98,0.4,Neutral
72,74,98.5,0.3,excited
62,98,99.1,3.9,Stress
69,65,96.8,1.9,Sad
72,78,98.3,0.8,Neutral
100,91,98.2,2,Neutral
96,81,99.3,4.3,Neutral
90,104,98.6,1.6,Neutral
79,72,98.8,0.8,Neutral
86,76,98.7,2.8,Neutral
88,97,98.5,3.2,Anger
87,82,98.5,3.3,Neutral
84,68,99,1,Happy
96,83,98.5,1,Happy
75,87,98,0.3,Neutral
75,97,97.8,2.8,Fear
86,61,98.4,1,Happy
88,89,99.4,3.2,Neutral
67,81,98,0.5,Neutral
100,76,98.3,3.4,Neutral
62,70,99.3,2.9,Stress
87,65,98,1.1,Happy
68,63,98.7,0.6,Neutral
77,80,96.9,3,Fear
74,77,98.1,1.8,Fear
90,70,98.4,0.8,Happy
77,81,98.9,1.8,Stress
88,94,98.5,4.7,Anger
76,77,null,0.6,Sad
81,90,98,3.5,Anger
70,84,98.1,1.2,Sad
74,71,98.5,0.8,Neutral
98,78,99.5,4.3,Anger
61,72,98.7,0.8,Neutral
80,64,96.5,1,Sad
83,65,98.2,1.1,Happy
64,63,98.4,0.3,Neutral
74,74,98.5,1.7,Stress
83,76,99.2,2.1,Neutral
98,70,99.4,4.5,Neutral
73,91,96.9,3.7,Fear
67,79,98.3,1,Neutral
82,68,98.4,1.2,Happy
63,79,97.1,2,Sad
84,80,98,4.7,Anger
77,90,98,0.9,Neutral
68,70,98.6,0.9,Neutral
62,84,97.9,1,Neutral
88,95,98.1,2.7,Neutral
95,90,99.5,0.9,Happy
91,84,97.9,1.3,Happy
65,87,99.6,2,Stress
65,72,99,4,Stress
70,79,98.2,3.5,Fear
62,89,98.3,0.6,Neutral
69,74,98.3,0.2,Neutral
84,97,98,2.8,Anger
73,60,98.3,1,Neutral
71,88,97.4,2,Guilty
72,65,98.2,0.4,Neutral
98,84,98.3,4.1,Neutral
77,100,99.5,3.3,Stress
72,99,99.5,3.5,Stress
79,87,96.5,2,Sad
61,99,99.3,3.5,Stress
68,81,98.1,1,Neutral
97,75,99.7,4.3,Neutral
80,86,99.5,3.5,Stress
83,66,98.1,0.4,Happy
77,72,98.5,0.9,Neutral
71,64,98,0.5,Neutral
61,87,97,1.9,Sad
61,108,98.8,3.6,Stress
65,83,97.8,0.7,Neutral
92,84,98.1,2.4,Fear
69,67,98,2,Sad
83,94,97.2,3.6,Fear
null,89,98.7,1.4,Happy
76,65,98.5,0.5,Neutral
64,90,98.1,0.4,Neutral
95,80,98.2,2.8,Anger
96,93,99,2.1,Anger
90,89,97.8,1.4,Happy
91,84,98.4,1.3,Happy
79,76,99.2,3.5,Stress
64,83,96.7,2.2,Sad
70,79,98.5,0.9,Neutral
72,97,98.1,2.1,Fear
88,79,99.1,3.9,Anger
74,84,97.6,0.9,Sad
70,83,98,3.2,Fear
62,78,96.7,1.6,Sad
99,78,98.2,0.6,Happy
90,60,98.7,1.1,Happy
81,97,97.2,3.5,Fear
87,80,96.8,1.8,Fear
61,61,98.6,0.9,Neutral
61,81,98.6,0.4,Neutral
64,80,98.6,0.7,Neutral
81,98,98.2,2.6,Neutral
66,88,99.2,2.7,Stress
84,100,97.9,4.5,Anger
94,62,98.2,1.4,Happy
85,69,98.9,1,Happy
75,79,97.7,2.4,Sad
81,79,98.3,4.5,Anger
66,84,98.7,1,Neutral
71,85,99.4,4,Stress
72,90,97.1,2.4,Fear
72,78,null,2.1,Sad
61,83,98.7,0.8,Neutral
78,80,97,0.9,Sad
75,86,99.2,1.9,Stress
66,71,98.6,1.5,Stress
83,74,98.7,3,Anger
65,97,98.9,3.8,Stress
89,86,98.5,1.9,Fear
null,null,null,3.7,Stress
95,99,99.3,1.8,Neutral
95,100,97.5,3.6,Fear
85,90,98,2.9,Fear
77,97,99.6,3.5,Stress
99,108,99.4,4.2,Neutral
70,73,98.4,2.6,Stress
86,83,98.5,4.1,Neutral
65,77,97.5,1.4,Sad
91,79,97,2.4,Fear
83,89,99.6,2.6,Anger
62,86,98.2,2.4,Sad
74,80,98.2,0.6,Neutral
63,83,98.3,0.6,Neutral
71,73,98,0.6,Neutral
99,75,98,0.3,Happy
78,84,98.5,2,Fear
95,90,99.6,2.6,Anger
89,68,98.8,0.4,Happy
89,74,98,2.9,Anger
81,91,99.1,2.6,Anger
60,70,96.8,0.6,Sad
67,81,98.5,0.8,Neutral
85,83,99.2,1.4,Happy
96,92,99.1,4.8,Anger
91,85,99,4.3,Anger
83,81,99.2,2.9,Anger
85,94,98.5,4.8,Anger
100,68,99,1.3,Happy
66,79,98.7,2.8,Stress
66,79,98.5,0.9,Neutral
97,81,98.4,0.3,Happy
65,66,97.8,0.8,Neutral
77,61,98.4,0.4,Neutral
86,60,99.1,0.8,Happy
78,76,98.1,0.8,Neutral
70,78,98.3,3,Stress
91,70,99.6,3.8,excited
84,96,98.3,3,Fear
93,93,98.4,3.1,Neutral
67,63,98.6,0.9,Neutral
61,86,98.6,0.9,Neutral
90,69,99.2,0.3,Happy
69,78,98.5,0.7,Neutral
77,82,98.5,0.8,Neutral
100,76,98.3,4,Anger
80,84,99.7,2.7,Guilty
66,69,98,0.7,Neutral
91,63,99.4,1.3,Happy
70,89,98.8,0.3,Neutral
74,60,98.6,0.9,Neutral
70,83,null,0.9,Neutral
83,89,99,2.4,Anger
74,70,98.3,1.7,Sad
80,70,98.5,4.5,Anger
84,76,97.9,1.3,Happy
72,68,98.2,0.2,Neutral
86,86,98.9,1.4,Happy
79,92,97.5,3.2,Fear
63,82,98.4,0.3,Neutral
86,90,97.8,1.1,Happy
68,81,98,0.4,Neutral
84,75,98,3.5,Anger
94,76,98.8,3.3,Anger
64,99,99.4,3.7,Stress
63,90,98.6,0.9,Neutral
71,99,99.4,1.8,Stress
89,66,98,1.4,Happy
87,88,98.9,1.4,Happy
87,79,98.9,4.1,Neutral
65,61,97.5,0.6,Sad
80,78,98.6,0.3,Happy
74,null,98.5,0.2,Neutral
70,81,97.8,0.6,Guilty
94,79,99.4,4.5,Anger
80,81,98.1,0.8,Neutral
96,77,98.1,0.9,Happy
62,65,98.6,0.8,Neutral
62,88,98.3,0.9,Neutral
70,71,99.4,2.8,Stress
97,94,98,4.6,Anger
83,92,99.5,3.9,Anger
62,81,98.4,0.7,Neutral
62,69,96.7,1.9,Sad
80,70,98.4,0.5,Neutral
78,83,97.9,1.9,Stress
61,77,98,1.5,Sad
80,65,97.9,0.8,Happy
99,85,98.3,4.4,Anger
63,81,98.6,0.7,Neutral
72,68,98,0.2,Neutral
72,109,99,1.8,Stress
74,80,99.1,3.3,Stress
100,87,98.1,3.6,Fear
94,87,98.2,1,Happy
77,89,98.3,0.2,Neutral
60,76,98.4,0.9,Neutral
98,70,99,1.3,Happy
71,78,97.1,3.1,Fear
66,78,98.3,0.6,Neutral
64,87,97.3,0.8,Sad
88,78,99,3.5,Anger
79,69,98.5,null,Neutral
63,98,99.4,2.5,Stress
92,94,98.5,3.8,Neutral
89,null,97.8,3.7,Fear
92,86,98.8,1.4,Happy
94,91,98,2.8,Neutral
98,96,98.6,2.5,Neutral
76,108,98.3,3.1,Stress
63,65,96.9,2.4,Sad
79,78,98.3,3.3,Stress
67,71,97.9,1,Sad
74,74,98.1,2.7,Stress
65,84,97.8,1.6,Sad
77,107,98.4,2.5,Stress
62,79,96.6,2.1,Sad
87,90,98,4.5,Anger
88,72,98.5,2.4,Anger
65,110,98.2,2.5,Stress
65,73,98,0.7,Sad
82,80,98.5,4,Anger
86,83,98.4,0.3,Happy
73,65,98.6,0.7,Neutral
96,88,99,2.2,Anger
69,71,98.6,0.9,Neutral
82,93,98.7,4.5,Anger
91,105,98.1,2.5,Neutral
94,78,98.9,3.7,Anger
78,86,98.4,0.8,Neutral
73,80,96.9,2.2,Sad
66,75,98.7,0.9,Neutral
86,88,98,3.3,Fear
67,68,97.6,0.9,Sad
73,99,98.7,3.6,Guilty
82,94,99.1,4.7,Anger
91,94,99.1,4.7,Anger
63,63,96.9,1.4,Sad
76,72,98.1,2.4,Sad
72,74,97.7,3.8,Fear
80,76,98.4,1.6,Neutral
72,88,98,0.4,Neutral
78,74,98.2,1.6,Fear
97,64,97.8,1.2,Happy
null,96,98.8,4.8,Anger
85,62,98.8,1.5,Happy
74,71,98.5,0.7,Neutral
87,70,97.9,2.1,Neutral
61,60,98.8,0.6,Neutral
67,82,99.2,2,Stress
85,92,98.7,4.4,Neutral
88,100,99.5,2.5,Anger
63,91,98.7,3.5,Stress
97,82,97,2.5,Fear
89,80,99.4,3.6,Anger
66,87,98,1.4,Sad
91,94,98.3,2.5,Anger
100,96,98.2,2.3,Anger
79,62,98.6,0.5,Neutral
71,88,97.9,3.2,Stress
70,71,98.5,0.8,Neutral
77,65,98.3,0.7,Neutral
93,103,98.1,1.6,Neutral
91,71,98.4,2.7,Anger
97,92,98.4,2.6,Anger
74,71,98.4,1.8,Fear
92,91,98.1,4.8,Anger
93,84,98.4,3.1,Anger
86,91,97.2,1.6,Fear
84,80,98.4,2.9,Fear
86,100,98.6,3.5,Anger
83,97,97.8,3.7,Fear
77,105,98.5,1.5,Stress
74,85,97.9,1.6,Stress
97,70,97.9,0.3,Happy
91,98,96.9,1.9,Fear
63,80,98,0.2,Neutral
77,85,98.7,0.3,Neutral
87,84,98,0.5,Guilty
98,82,98.6,0.3,Happy
71,73,98,2.8,Stress
83,108,98.6,2.7,Neutral
83,86,98.5,5,Anger
68,82,98.3,0.9,Neutral
89,109,98.2,3.7,Neutral
67,64,98.1,0.5,Neutral
91,79,98.2,0.6,Happy
93,86,97.9,0.9,Happy
75,94,97.7,2.2,Fear
82,90,99.5,3.1,Neutral
95,76,98.6,2.4,Fear
90,71,98.4,2.8,Anger
67,75,98.1,3.8,Stress
70,77,98.7,0.2,Neutral
91,95,97.2,2.7,Fear
86,108,99,2.5,Neutral
84,72,99,0.5,Happy
80,83,96.9,1.8,Sad
89,93,98.1,2.2,Anger
94,80,99.4,3.1,Anger
94,70,97.1,3.1,Fear
93,77,98,1.7,Fear
77,98,97.8,2.2,Stress
87,85,99.2,1.1,Happy
76,90,97.9,0.5,Neutral
81,null,97.5,2.6,Fear
91,96,98.3,4.2,Neutral
87,85,97.5,3.2,Fear
98,77,98,3.5,Anger
78,86,98.3,0.5,Neutral
68,65,97.8,0.6,Neutral
84,60,99,0.7,Happy
78,92,98.8,3.2,Stress
77,86,98.5,2.1,Stress
63,88,99.4,2.4,Stress
92,73,98.2,2.2,Neutral
81,89,97.7,3.4,Fear
77,70,97.7,2,Sad
96,79,98.1,4.3,Anger
98,71,98.5,0.7,Happy
66,77,98.7,1.8,Stress
71,72,98.7,0.8,Neutral
70,86,97.8,1.5,Fear
93,87,98.5,4.2,Anger
67,89,97.9,1.3,Sad
88,74,99.1,4.2,Anger
100,80,98.7,1.6,Neutral
77,75,98.7,0.4,Neutral
65,64,96.7,1,Sad
92,98,99.4,3.2,Neutral
71,86,97.4,2.3,Sad
87,88,97.8,0.5,Happy
74,95,98.2,3.4,Fear
96,107,98.5,3.7,Neutral
63,61,98.3,0.7,Neutral
74,82,97.3,1.1,Sad
93,82,97.8,1.2,Happy
65,70,98.6,0.6,Neutral
94,79,98.3,0.5,Happy
82,87,99.4,4.1,Neutral
79,81,98.5,3.2,Stress
61,70,98.1,0.6,Neutral
91,69,98.6,0.2,Happy
62,67,97.8,0.4,Neutral
89,71,98,3.4,Anger
77,79,97.4,3.7,Fear
67,107,97.9,2.9,Stress
100,70,98.7,2,Anger
77,69,98.2,0.4,Neutral
70,93,98.5,2.1,Fear
62,110,97.9,3.3,Stress
74,62,97.2,2.2,Sad
81,84,99,4.8,Anger
62,84,98.7,0.6,Neutral
94,70,99.2,2.1,Anger
85,63,99.3,0.4,Happy
82,87,97.8,0.8,Happy
71,63,98.1,0.6,Neutral
79,94,97.1,1.9,Fear
72,69,98.1,0.5,Neutral
83,71,96.8,3,Fear
80,89,98.2,4,Anger
97,70,99.2,1.5,Happy
88,83,99.6,2.3,Anger
64,90,98.8,3.7,Stress
80,76,99.1,3.7,Stress
100,71,99.4,3.3,Anger
74,81,98.4,1.8,Fear
93,82,99.4,0.5,Happy
67,77,97.8,0.5,Neutral
73,77,97.8,1.7,Sad
67,85,99.1,3.7,Stress
99,80,99.2,2.7,Neutral
63,82,96.9,1.3,Sad
69,76,98.2,1.3,Sad
64,73,96.6,2.4,Sad
78,87,96.8,1.2,Sad
83,97,98.7,2.2,Anger
94,93,99.1,2.8,Anger
88,78,98.3,3.2,Anger
89,68,98.4,0.4,Happy
98,65,98.8,0.7,Happy
99,81,98.8,1.1,Happy
73,68,97.5,2.4,Sad
92,68,98.9,0.8,Happy
94,101,99.6,2.2,Neutral
77,109,98.5,2.4,Stress
73,77,99,1.9,Stress
76,89,97.9,0.3,Neutral
80,98,99.2,4.2,Anger
81,99,97.9,2.4,Fear
73,83,98.7,3.7,Stress
91,71,null,3.6,Anger
84,94,98,1.8,excited
86,88,98,2.3,Fear
68,78,97.8,0.3,Neutral
65,89,97.2,2.2,Sad
78,84,99.5,2.7,Stress
60,79,97.8,0.6,Neutral
86,94,98.4,3.5,Neutral
71,79,98.5,3.4,Stress
100,84,99.2,1.3,Happy
70,105,98.9,1.8,Stress
74,97,98.4,2.4,Fear
84,75,99.1,1.3,Happy
99,87,99.3,3.4,Anger
99,93,98.3,3.3,Fear
84,70,99.5,4.6,Anger
70,105,99.2,3.6,Stress
83,100,98.1,2.6,Anger
82,82,98.7,4.5,Anger
65,64,97.2,2,Sad
98,83,96.8,3.3,Fear
86,89,97.9,1.5,Happy
95,78,99,4.8,Anger
96,66,98,1,Happy
67,91,98.5,3.8,Stress
83,77,98.2,1.2,Happy
91,70,98,1.2,Happy
66,79,98.3,0.6,Neutral
70,61,96.5,1.7,Sad
70,61,98.3,1.6,Sad
95,74,98.2,3.8,Neutral
85,83,97,3.5,Fear
79,78,98.5,1.7,Stress
73,78,98.3,0.9,Neutral
98,71,98.1,3.7,Anger
80,85,97.2,1.2,Sad
98,80,96.9,2,Fear
73,72,98.6,0.6,Neutral
75,71,97.6,1.7,Fear
63,96,99.5,2.8,Stress
73,83,99,2.8,Stress
80,80,99,2.1,Anger
78,76,98.3,0.5,Neutral
66,70,98,1.6,Stress
80,95,97.4,2.1,Fear
80,61,97.5,0.6,Sad
91,85,99.5,0.8,Happy
89,82,97.8,3.7,excited
99,91,98.2,3.5,Neutral
65,98,98.9,3.2,Stress
68,82,97.2,1.2,Sad
72,76,99.5,2.9,Stress
73,71,98.1,0.4,Neutral
62,85,96.5,1.5,Sad
82,92,97.2,1.9,Fear
85,86,98.1,4.6,Anger
78,67,98.8,0.3,Neutral
88,83,98,2.4,Fear
64,107,97.8,2.5,Stress
83,66,98.1,0.8,Happy
80,80,98.3,4.7,Anger
83,77,98,1.1,Happy
73,81,97.3,0.7,Sad
95,75,97.4,3.7,Fear
69,78,98.3,0.4,Neutral
85,99,98.8,2.6,Anger
69,69,97.8,1,Neutral
94,87,99.3,1.6,Neutral
78,72,97.2,1.7,Fear
85,90,98.2,4.4,Anger
65,82,98.7,0.2,Guilty
90,77,98.4,1.4,Happy
93,100,99.6,4.6,Anger
78,66,97.2,1.3,Sad
72,63,98.5,0.3,Neutral
99,77,97.7,3.2,Fear
84,76,99.4,0.9,Happy
89,80,99.5,3.2,Anger
73,87,98.6,0.3,Neutral
60,73,98.8,2.6,Stress
81,90,96.9,1.8,Fear
90,110,98.4,2.7,Neutral
64,88,99.4,2.1,Stress
94,61,98.6,0.4,Happy
95,98,97.8,3.1,Fear
79,63,98.1,0.9,Neutral
73,86,98.1,0.7,Neutral
66,74,97.3,0.6,Sad
83,78,98.9,3.9,Anger
62,88,99,2.9,Stress
76,79,97.9,3.4,Fear
99,96,98.9,3.3,Anger
72,73,98.4,1,Neutral
86,null,98.7,3.9,Anger
74,110,98.5,3.2,Stress
100,70,97,3.3,Fear
94,88,98.3,2.6,Fear
76,88,96.8,0.9,Sad
68,84,98.5,0.7,Neutral
67,69,98.1,0.3,Neutral
84,72,98.1,3.1,Fear
75,76,98.8,0.6,Neutral
71,74,98.1,0.3,Neutral
79,78,98.5,2.8,Stress
95,74,97.1,2.3,Fear
84,65,98.5,0.5,Happy
80,79,98.3,2.2,Fear
96,89,98.1,2.2,Anger
96,72,98.1,2.9,Anger
79,87,98.6,0.5,Neutral
97,92,99,3.3,Neutral
60,77,97.9,0.5,Neutral
80,85,98.3,2.9,Stress
75,81,98.7,0.5,Neutral
76,92,99.5,1.5,Stress
82,71,98.3,0.5,Happy
93,70,98.6,1.2,Happy
61,76,98.6,0.6,Neutral
72,90,98.6,0.4,Neutral
64,104,99.5,2.5,Stress
100,81,99.3,2.9,Anger
81,90,97.4,2,Fear
76,88,98.7,3.9,Stress
62,77,98.2,0.6,Neutral
67,78,96.7,1.3,Sad
79,90,98.1,0.3,Neutral
85,76,99.4,4,Guilty
71,81,97.1,1.3,Sad
71,90,98,0.3,Neutral
92,71,98.4,0.9,Happy
72,81,98.2,0.9,Neutral
87,79,98.6,0.6,Happy
92,91,97.9,2.9,Fear
75,98,98.4,1.7,Fear
79,88,98.1,0.9,Neutral
81,81,98.1,3.4,Anger
87,93,99.6,3.5,Neutral
62,87,98.4,0.4,Neutral
93,60,99,0.2,Happy
68,82,98.4,0.5,Neutral
76,83,98,2.3,Sad
61,92,98.5,3.7,Stress
67,67,98.2,0.5,Neutral
64,84,98,3,Stress
66,63,97.9,0.8,Neutral
75,94,98.2,1.9,Stress
84,95,98.2,5,Anger
95,98,99.5,2,Neutral
68,89,98.8,0.9,Guilty
79,81,99,2.1,Stress
80,85,97.5,1,Sad
89,69,98.2,1.1,Happy
75,99,98.5,3.1,Guilty
86,82,99.2,4.3,Neutral
99,77,99.3,2.8,Anger
97,98,97.4,2.1,Fear
80,65,97.5,1.8,Sad
80,74,99.5,0.7,Happy
79,65,97.8,0.8,Neutral
90,88,97,3,Fear
96,70,98.2,1.9,Neutral
73,80,97.4,1.4,Sad
92,70,98,1,Happy
65,82,97.5,2.3,Sad
84,96,99.1,2.7,Guilty
80,62,96.5,1.7,Sad
92,70,98.4,1.3,Happy
91,90,98.8,3.4,Anger
68,90,98.3,1,Neutral
66,74,97.9,1.4,Sad
71,89,98.2,0.8,Neutral
100,90,98.2,0.6,Happy
68,85,99.4,2.2,Stress
85,84,99.7,4.4,Anger
93,83,98.7,3,Neutral
87,82,98.6,0.2,Happy
71,83,97.9,2.5,Stress
90,95,99.1,3.5,Neutral
90,76,97.9,1.1,Happy
67,94,97.9,2.9,Stress
89,92,99.5,3.3,Neutral
94,73,98.7,0.9,Happy
65,70,98.3,0.3,Neutral
73,75,96.8,0.6,Sad
71,72,98,0.9,Sad
72,86,98.6,0.3,Neutral
90,99,98.6,2.5,Anger
93,70,97,3.6,Fear
95,86,99.2,3.7,Anger
89,90,99.2,0.9,Happy
74,72,99,3.8,Stress
74,83,98.2,0.4,Neutral
61,75,98.8,2.6,Stress
65,88,98.3,0.8,Neutral
75,100,99.5,2.2,Stress
79,101,98,3.2,Stress
80,73,98.6,0.5,Neutral
94,88,98.1,3.3,Anger
85,88,99.2,4,Anger
63,74,98.4,0.9,Neutral
73,84,97.7,1.6,Fear
94,81,99.1,2.1,Neutral
84,99,99.6,2.5,Anger
80,87,98.3,2.3,Stress
60,87,97.8,1.3,Sad
64,109,98.8,3.3,Stress
98,91,97.3,1.9,Fear
95,62,98.5,0.9,Happy
82,86,98.1,3.3,Anger
92,84,99.2,2.2,Anger
66,85,97.4,1.5,Sad
98,100,99.5,3,Anger
68,102,98.5,1.8,Stress
71,79,97.8,2.4,Sad
75,85,98.8,0.6,Neutral
76,80,97.1,3.3,Fear
82,82,98.2,2,Fear
70,82,97.9,1,Neutral
97,82,98,2.5,Anger
63,63,97.9,1,Neutral
72,85,98.9,2.4,Stress
71,69,98.6,1,Neutral
87,73,98.8,0.9,Happy
65,75,98.7,0.8,Neutral
98,72,98.8,3.3,Neutral
82,98,98.9,2.5,Neutral
71,80,98.1,1.7,Sad
94,97,97.2,1.6,Fear
64,85,98.6,0.7,Neutral
90,83,97.9,1,Happy
66,90,97,0.8,Sad
82,64,98.5,1.4,Happy
87,78,97.1,2.9,Fear
92,89,98.9,3.1,Anger
75,94,98.4,3.5,Stress
60,89,96.4,0.8,Sad
74,100,96.9,3.9,Fear
90,95,99.1,3.8,Neutral
80,77,98.4,0.9,Neutral
79,60,98,0.8,Neutral
91,88,98.3,4.7,Anger
98,76,98.1,0.4,Happy
66,66,96.7,1.9,Sad
99,75,99.3,2.9,Anger
81,86,99.4,2.9,Neutral
65,102,99.3,2,Stress
77,89,98.9,3.1,Stress
80,92,99.5,1.8,Neutral
79,69,96.9,0.7,Guilty
74,82,98.3,0.4,excited
61,62,97.6,1.5,Sad
94,94,97.2,1.8,Fear
90,78,99.3,3.2,Anger
71,73,97.1,2.3,Sad
75,80,97.8,0.3,Neutral
null,67,99.3,0.3,Happy
90,72,98.8,0.7,Happy
84,76,99.6,2.1,Neutral
60,82,96.6,1.7,Sad
73,70,99.5,3,Stress
88,94,99.2,2.3,Anger
82,91,97,3.6,Fear
79,87,97,1.8,Sad
78,109,99.1,1.6,Stress
91,72,97.2,2.5,Fear
68,79,98.2,0.7,Sad
74,71,97.9,0.4,Neutral
84,70,98,2.6,Neutral
76,84,97.9,2,Fear
73,88,98,0.6,Neutral
69,76,98.1,0.8,Guilty
61,68,98.2,1.3,Sad
94,80,98.6,1.3,Happy
86,94,98,3,Neutral
70,64,98.3,0.8,Neutral
71,69,97.6,1.6,Sad
96,82,99.4,0.6,Happy
96,88,98.5,3.1,Fear
100,75,99.2,0.9,Happy
61,71,97.9,0.5,Sad
91,84,98.2,0.8,Happy
80,90,97.3,3.9,Fear
73,84,98.6,0.7,Neutral
65,73,98.2,0.7,Neutral
82,null,97.8,null,Guilty
96,73,98.4,0.6,Happy
94,76,99.4,3.4,Anger
74,107,98.1,3.1,Stress
70,77,98.1,0.6,Sad
75,74,98.1,0.7,Guilty
95,90,99.5,4.6,Anger
79,96,98.1,1.9,Stress
76,84,98.2,0.3,Neutral
99,97,98.3,3.2,Fear
86,107,99,4.3,Neutral
63,70,99.5,1.5,Stress
78,89,99.2,3.5,Stress
70,108,99.3,3.4,Stress
71,69,96.7,1.9,Sad
62,77,96.5,2.2,Sad
78,66,97.9,0.4,Neutral
71,70,98.3,0.2,Neutral
65,76,97.9,1.5,Sad
72,78,98.3,1.2,Sad
75,87,97.3,1.2,Sad
87,68,98.5,0.2,Happy
98,80,98.5,null,Happy
68,80,98.8,0.9,Neutral
74,108,98.3,2.7,Stress
93,76,98.6,2.5,Anger
83,91,97.9,1.9,Fear
79,72,96.7,1.1,Sad
78,84,98.2,2.3,Stress
80,82,98.5,3.4,Stress
77,82,98.6,3.7,Stress
94,72,98.5,2.6,Anger
80,88,98.7,4.3,Anger
92,80,99.2,0.9,Happy
99,91,97.9,2.2,Anger
67,78,97.9,2.9,Stress
72,84,97.3,1,Sad
70,107,98.7,3.6,Stress
64,66,97.9,2.1,Sad
73,73,97.7,1.2,Sad
99,97,98.7,4.6,excited
83,81,97.8,1,Happy
99,76,97.1,3.8,Fear
61,89,99.4,2.8,Stress
74,75,98.3,0.7,Guilty
100,70,98.9,4.5,Neutral
78,95,98,2.9,Stress
93,null,97.9,1,Happy
69,92,99.5,3,Stress
84,93,99.4,3.3,Neutral
66,78,98.1,0.4,Neutral
81,87,98.6,0.9,Happy
80,74,97.7,1.4,Sad
90,86,97.7,1.3,Happy
81,85,99.6,1.7,Neutral
71,62,98.3,0.4,Neutral
61,77,97.9,0.2,Neutral
81,85,98.2,2.4,Neutral
71,86,97.8,1,Neutral
75,65,98,0.8,Neutral
62,88,98.5,0.4,Neutral
60,65,97,1.8,Sad
73,72,97,0.7,Sad
95,98,98.8,2.7,Anger
77,77,98.9,1.9,Stress
99,89,98,2.3,Fear
73,80,98.8,0.7,Neutral
99,68,99.3,0.7,Happy
75,101,99.6,3.7,Stress
78,83,97.9,3.4,Stress
69,89,98.4,0.8,Neutral
85,84,98.1,3.1,Fear
85,98,98.4,2.1,Anger
90,68,97.7,1.1,Happy
68,90,97.8,1,Sad
82,70,99.1,1,Happy
100,76,98.7,3.1,Anger
66,87,97.9,1.9,Sad
79,104,97.8,1.5,Stress
80,92,97.6,3.7,Fear
74,98,98.5,3.1,Stress
99,87,99,4.8,Anger
75,86,98.5,0.9,Neutral
78,86,98.3,0.3,Neutral
67,75,99.6,3.4,Stress
68,76,97.9,0.9,Sad
74,65,97.6,2.3,Sad
87,90,98,1.6,Guilty
70,72,98,0.7,Neutral
99,72,99,4.6,Anger
76,77,98.2,3.4,Fear
99,81,97.8,0.9,Happy
98,86,97,1.7,Fear
80,88,97.5,2.3,Fear
62,60,96.5,1.3,Sad
78,70,97.7,0.9,Sad
67,78,97.9,1.7,Stress
84,82,99.7,2.5,Anger
71,72,98.7,2.9,Stress
87,96,98.1,2.7,Fear
68,64,98.6,0.4,Neutral
64,77,98.6,0.3,Neutral
64,null,96.4,1.9,Sad
72,74,98.3,0.4,Neutral
95,99,98.6,2.4,Neutral
86,86,98.2,3.8,Anger
94,97,97.8,2.5,Fear
73,86,98.1,0.7,Neutral
76,78,98.7,2,Stress
68,87,99.2,2.4,Stress
93,60,98.3,0.4,Happy
80,74,99.3,2.5,Neutral
65,72,null,0.4,Neutral
63,85,98.2,0.4,Neutral
75,90,97.4,1.6,Sad
85,96,97.1,1.7,Fear
83,85,99.5,2.3,Anger
75,79,98.2,2.4,Sad
66,85,97.8,2.7,Stress
69,77,98.7,0.3,Neutral
82,76,98.6,2.5,Fear
72,75,98,0.4,Neutral
72,77,97.5,1.8,Sad
70,67,97,0.9,Sad
63,81,99.5,2,Stress
98,80,97.1,2,Fear
86,65,99.2,0.8,Happy
77,107,98.2,2,Stress
69,80,98.5,0.4,Neutral
88,78,98.7,2.7,Anger
66,64,98,0.8,Neutral
96,76,98.1,0.8,Happy
83,80,99.3,4.2,Anger
67,69,98.4,0.6,Neutral
100,76,98.3,0.4,Happy
90,85,97.9,3.1,Guilty
77,80,98.7,0.9,Neutral
95,84,97.7,2.7,Fear
99,74,98.7,2.4,Neutral
80,72,98.2,2,Sad
92,73,98.7,3.7,Neutral
62,81,98.7,0.3,Neutral
99,79,97.1,3,Fear
68,88,98.1,0.8,Sad
85,73,97.9,4.5,Neutral
91,60,99,0.5,Happy
90,75,99,4,Anger
64,64,98.4,0.7,Neutral
91,74,98.5,0.9,Happy
92,63,98.6,1.5,Happy
72,87,98.1,2.6,Stress
97,67,97.8,0.5,Happy
98,70,97.9,2.6,Fear
83,90,98.6,3.8,Neutral
65,75,99.2,3.3,Stress
97,83,97.8,1,Happy
99,84,98.5,3.5,Fear
93,89,98.2,2.4,Fear
72,83,98.2,1.4,Sad
69,68,98.4,null,Neutral
71,83,98.3,2.4,Fear
91,71,99.5,4.1,Neutral
83,68,99.2,1.3,excited
69,82,99.5,3.7,Stress
84,78,null,3,Fear
90,94,96.9,3.2,Fear
80,75,98.3,1.4,Happy
64,62,96.9,2.3,Sad
76,86,98.1,0.5,Guilty
99,105,98,1.6,Neutral
84,95,98.5,4.4,Anger
70,82,97.3,0.9,Sad
95,74,97.5,3.9,Fear
74,60,98.2,0.4,Neutral
89,75,98.2,2.1,Anger
78,77,98.3,1.6,Stress
61,79,98.2,0.2,Neutral
68,93,99.5,3.7,Stress
71,69,98.2,1.1,Sad
73,61,97.9,0.9,Sad
69,88,98.5,0.9,Neutral
97,68,99.1,1,Happy
100,92,98.5,2.8,Neutral
97,96,97.5,1.5,Fear
88,83,98.9,1.9,Neutral
68,83,98.7,0.5,Neutral
82,66,97.7,0.9,Happy
83,67,98.5,1.4,Happy
70,108,98.9,1.9,Stress
73,69,97.8,0.8,Neutral
97,84,99.4,3.6,Anger
75,64,98,1.1,Sad
77,78,99.6,2.6,Stress
69,81,98,0.2,Neutral
75,76,98.7,0.6,Neutral
98,85,98.6,1.2,Happy
71,85,97.1,2.1,Sad
96,61,99.1,0.3,Happy
96,72,98.7,4.3,Anger
82,81,98.3,1,Happy
84,100,98.7,2.2,Anger
99,83,98.2,2.7,Fear
82,80,98.1,4.9,Anger
98,81,98.6,0.3,Happy
70,61,98.4,0.5,Neutral
83,84,98.1,0.9,Happy
86,71,98.1,1.2,Happy
74,64,98.4,0.8,Neutral
88,84,99,0.5,Guilty
75,95,98.5,3.2,Stress
76,110,99.3,1.6,Stress
77,92,99.3,1.7,Guilty
90,83,98.8,4.8,Anger
98,69,98.5,0.8,Happy
75,61,98.7,0.6,Neutral
77,65,97.2,1.3,Sad
75,95,98.7,1.7,Stress
60,82,97.4,2.1,Sad
66,61,98.2,0.3,Neutral
72,90,96.5,1.7,Sad
65,70,96.4,1.1,Sad
93,70,98.2,4.7,Anger
70,63,98.4,0.6,Neutral
91,88,98.7,1.3,Happy
75,84,98.6,0.5,Neutral
89,96,98.2,3.2,Anger
82,94,97.1,1.7,Fear
81,86,99.7,2.9,Neutral
88,82,98.1,4.2,Neutral
87,80,98.1,1.6,Neutral
66,99,98.9,1.6,Stress
80,100,98.7,4.9,Anger
88,93,98.2,3.7,Fear
75,88,98.1,0.4,Neutral
68,90,99.5,3,Stress
89,88,98.6,3.5,Anger
64,99,97.9,3.9,Stress
67,81,98.2,0.2,Neutral
81,67,97.9,0.7,Happy
62,70,97,1.7,Sad
88,81,98.5,1.4,Happy
81,75,98.4,2.4,Fear
84,79,98.1,2.8,Fear
94,83,96.8,1.6,Fear
74,110,98.5,1.7,Stress
64,69,97.6,1.8,Sad
69,89,99,3.8,Stress
73,63,98.6,0.3,Neutral
93,106,98.9,4.4,Neutral
88,78,98.1,1.3,Happy
72,107,98.8,1.6,Stress
94,99,98.8,3.8,Anger
87,97,98.9,3,Anger
64,95,98.6,3.8,Stress
80,82,97.9,1,Neutral
60,60,97.5,1.5,Sad
81,88,99.2,0.4,Happy
83,88,99.6,3,Anger
69,91,99.4,1.7,Stress
75,86,97.5,1.6,Sad
61,75,98.3,1,Neutral
97,98,98.7,3.3,Anger
76,83,97.4,3.2,Fear
98,87,98.3,0.3,Happy
86,95,98.2,3,Anger
72,69,98.4,0.7,Neutral
93,86,96.9,1.6,Fear
62,61,96.8,2,Sad
71,80,98.6,0.7,Neutral
60,63,98,0.5,Neutral
72,67,98.4,0.3,Neutral
78,79,98.6,0.7,Neutral
89,77,97.8,3.3,Fear
78,90,97.6,3,Fear
80,87,98.1,0.5,Neutral
65,84,97.7,1.3,Sad
67,80,98.7,1,Neutral
89,81,98.2,0.3,Happy
92,107,98.6,3.5,Neutral
72,62,98.3,1,Sad
61,89,96.6,0.5,Sad
71,107,99.1,2.3,Stress
67,62,97,2,Sad
77,65,97.4,1,Sad
90,99,98.4,2.8,Anger
91,98,98.4,2.7,Fear
64,60,97.3,0.9,Sad
65,88,97.5,1.8,Sad
91,71,98.6,1,Guilty
87,68,99.2,0.4,Happy
61,60,97.9,1.2,Sad
76,71,99.4,2.1,Stress
88,77,99.1,4.2,Anger
68,97,98.1,2.5,Stress
98,70,97.9,2.5,Anger
80,76,96.9,1,Sad
97,68,98.3,0.3,Happy
87,71,99.6,4.7,Anger
91,76,97,3.9,Fear
71,63,98.2,1.3,Sad
70,86,98.6,1,Neutral
80,68,97.8,1.6,Sad
65,87,99.3,2.4,Stress
63,81,97.9,0.4,Neutral
78,100,98,1.7,Fear
60,74,96.9,1.4,Sad
76,69,98.3,0.5,Neutral
95,87,98,0.7,Happy
100,83,99.4,3.3,Anger
80,77,98.7,4.4,Anger
94,78,99.3,2.9,Neutral
76,66,97.9,0.4,Neutral
87,87,99.4,4.8,Anger
79,89,96.4,2.3,Sad
63,106,99,3,Stress
98,82,99.6,3.4,Neutral
77,80,98.1,0.2,Neutral
82,74,98.9,1.3,Happy
72,77,98.5,0.9,Neutral
73,82,99.4,2,Stress
61,90,98,0.5,Neutral
65,67,98.5,0.2,Neutral
67,78,98.4,0.3,Neutral
91,68,99.4,0.7,Happy
81,63,99.3,0.9,Happy
84,67,98.1,1.1,Happy
91,90,98.3,3.1,Fear
