Heart Rate,Pulse Rate,Temperature,Skin Senstivity,Result
70,86,98.0,3.2,Fear
60,85,96.9,0.9,Sad
80,84,98.7,1.8,Shame
67,74,98.9,3.0,Shame
64,79,96.8,2.3,Fear
68,90,97.9,0.5,Sad
61,76,99.2,1.9,Happy
68,71,99.7,4.5,Depression
62,79,99.0,1.7,Stress
69,84,98.4,3.5,Fear
81,70,99.0,2.7,Anger
88,102,99.3,3.2,Excited
80,90,98.7,3.2,Stress
68,81,96.7,2.0,Sad
62,77,98.4,0.5,Neutral
75,87,null,2.0,Shame
70,70,98.5,0.8,Neutral
97,78,98.4,2.2,Anger
71,88,98.5,1.5,Guilt
null,null,null,1.7,Happy
71,98,98.8,2.4,Shame
76,73,98.6,2.4,Happy
72,69,97.2,0.9,Neutral
98,81,99.1,4.1,Excited
63,82,97.9,3.8,Depression
71,80,98.1,3.5,Stress
85,93,98.2,3.4,Excited
93,92,98.6,2.3,Excited
75,72,99.5,2.5,Depression
62,98,99.5,2.3,Depression
73,90,98.8,1.0,Happy
79,66,98.7,0.3,Neutral
71,95,99.7,3.2,Depression
70,83,97.8,1.4,Guilt
83,97,99.6,4.7,Anger
88,93,98.5,4.6,Anger
71,90,98.4,1.8,Happy
67,64,96.7,1.9,Sad
65,100,98.0,3.4,Depression
79,70,98.7,0.6,Happy
74,72,99.0,2.1,Guilt
70,72,98.3,0.8,Neutral
68,85,98.0,0.6,Neutral
70,85,98.8,4.5,Depression
62,61,97.8,2.0,Sad
63,62,97.7,0.3,Neutral
81,77,99.2,3.8,Anger
88,83,99.2,2.8,Anger
82,89,99.2,4.3,Anger
71,70,98.1,2.3,Guilt
68,84,99.5,3.7,Depression
60,97,null,2.7,Depression
73,61,98.1,1.8,Guilt
61,76,98.8,1.7,Happy
80,70,98.5,2.0,Happy
61,68,98.0,1.7,Guilt
89,87,99.4,2.6,Excited
60,67,97.6,1.4,Guilt
61,67,98.1,0.6,Sad
76,89,97.7,0.6,Sad
65,82,97.4,1.5,Fear
null,91,98.0,2.3,Depression
66,79,98.7,0.7,Neutral
73,62,97.8,0.6,Happy
78,94,99.1,3.7,Depression
75,74,98.2,3.9,Depression
73,83,97.0,2.2,Sad
99,92,99.6,4.5,Anger
61,96,98.1,2.4,Shame
77,99,97.9,2.5,Shame
65,73,99.4,1.0,Happy
80,70,97.5,3.4,Fear
77,66,98.2,0.7,Neutral
62,86,98.4,0.7,Neutral
65,72,97.3,0.2,Neutral
69,90,98.0,0.8,Neutral
69,60,97.2,0.8,Sad
79,81,96.8,3.5,Fear
60,98,98.4,3.0,Depression
61,63,97.9,1.9,Happy
99,88,98.4,2.9,Excited
67,88,97.9,1.6,Stress
72,78,null,1.0,Neutral
75,73,98.7,2.3,Guilt
80,97,99.1,4.1,Depression
99,87,null,2.8,Anger
76,99,98.2,3.8,Depression
69,73,97.8,2.0,Guilt
77,65,97.5,2.2,Sad
67,68,98.3,0.4,Neutral
65,70,97.3,0.5,Neutral
99,92,98.4,2.6,Anger
72,70,97.9,2.1,Fear
95,108,98.7,2.4,Excited
63,95,97.9,1.3,Shame
60,77,98.6,0.6,Neutral
97,93,99.2,1.9,Excited
72,72,97.8,0.7,Sad
70,84,97.7,1.3,Guilt
62,76,98.3,1.2,Shame
70,88,98.3,3.7,Depression
79,94,99.3,3.1,Depression
64,100,98.7,3.3,Depression
75,82,98.5,3.0,Depression
72,80,99.3,4.8,Depression
69,75,99.5,3.7,Depression
74,73,98.5,0.8,Happy
96,83,98.4,3.3,Excited
62,70,98.3,2.5,Fear
80,71,99.1,3.0,Anger
87,97,98.1,2.6,Anger
64,73,99.4,0.7,Happy
91,95,99.4,2.5,Excited
80,91,99.5,4.3,Depression
65,90,96.7,0.6,Sad
93,94,99.2,4.1,Excited
63,74,98.0,2.8,Shame
74,64,98.1,1.8,Happy
69,64,97.2,0.3,Neutral
67,70,97.0,2.1,Fear
72,98,98.5,5.0,Depression
83,72,98.8,3.5,Anger
71,75,98.1,2.2,Guilt
70,72,97.7,1.7,Guilt
77,75,98.2,2.1,Happy
72,83,97.2,2.1,Sad
73,76,97.7,1.1,Sad
76,90,97.4,0.6,Sad
67,86,97.7,0.7,Guilt
62,72,98.7,2.1,Happy
74,81,97.0,0.9,Sad
62,96,99.2,2.9,Depression
76,70,98.7,3.3,Depression
64,79,98.9,2.2,Guilt
72,77,97.9,2.2,Stress
83,105,99.0,3.8,Excited
78,81,98.4,1.6,Stress
65,79,99.3,2.4,Stress
63,100,97.6,3.2,Fear
77,78,99.1,2.9,Stress
80,74,99.3,2.8,Stress
86,80,98.9,4.4,Anger
79,77,99.5,1.2,Happy
66,81,98.3,3.9,Fear
61,60,97.1,0.7,Sad
60,65,97.8,1.0,Neutral
67,70,98.0,0.5,Sad
76,64,98.5,0.7,Neutral
93,105,98.7,3.8,Excited
62,84,98.1,1.3,Shame
67,86,98.6,0.8,Neutral
86,70,98.5,2.7,Excited
68,78,98.9,2.5,Stress
89,85,99.4,2.2,Excited
79,76,98.5,1.6,Stress
62,81,97.6,0.8,Neutral
67,97,97.6,2.1,Fear
74,73,96.8,2.5,Fear
61,95,99.5,3.6,Depression
67,86,98.2,1.7,Sad
69,76,97.4,0.5,Neutral
70,87,98.1,3.7,Fear
79,99,98.7,1.7,Shame
78,90,96.4,1.5,Sad
74,74,98.2,0.2,Neutral
65,87,99.0,1.4,Shame
71,86,98.6,2.8,Depression
74,67,97.4,1.2,Sad
69,70,98.4,3.3,Fear
70,78,98.3,1.7,Fear
63,73,98.1,0.8,Guilt
66,74,98.7,0.9,Guilt
72,71,98.8,4.3,Depression
70,90,99.2,0.6,Happy
65,73,97.8,1.6,Happy
64,87,98.6,1.3,Shame
70,75,98.6,2.8,Fear
75,84,96.8,1.6,Fear
71,79,98.5,4.5,Depression
68,77,97.1,2.5,Fear
79,94,98.4,2.5,Fear
78,62,97.5,1.8,Guilt
63,82,98.7,2.7,Stress
66,75,98.0,3.2,Shame
78,83,99.1,2.3,Shame
68,69,97.9,0.9,Sad
67,74,97.1,2.4,Sad
80,81,98.6,4.3,Depression
84,73,99.0,3.2,Excited
78,72,97.4,1.2,Shame
68,78,97.4,2.0,Fear
79,109,98.2,3.8,Stress
64,null,null,null,Depression
75,64,99.1,1.8,Guilt
81,85,98.1,1.9,Excited
79,75,98.1,3.7,Stress
79,100,98.7,1.6,Shame
68,89,97.9,2.0,Happy
71,97,97.8,3.0,Fear
62,72,99.2,2.5,Depression
76,75,97.8,3.3,Shame
77,74,99.5,2.3,Depression
73,92,98.1,4.8,Depression
80,72,98.9,2.5,Anger
80,89,99.1,3.8,Anger
79,75,99.0,2.8,Shame
73,93,99.1,2.5,Depression
94,97,98.6,4.0,Excited
66,87,98.0,0.6,Neutral
75,99,98.6,3.9,Depression
63,76,97.9,0.6,Guilt
69,109,98.8,3.7,Stress
73,85,98.1,3.3,Fear
85,83,98.4,4.6,Anger
65,83,97.5,0.8,Neutral
70,71,98.1,2.3,Depression
76,84,97.3,0.7,Sad
60,97,97.9,1.5,Shame
76,87,99.0,2.0,Depression
67,77,98.6,4.0,Stress
68,90,98.7,1.2,Guilt
67,107,98.2,3.7,Stress
79,85,96.4,1.3,Sad
74,83,97.8,2.2,Fear
65,75,96.9,3.7,Fear
99,null,98.7,2.7,Anger
68,92,97.0,2.8,Fear
71,66,99.1,1.2,Happy
67,101,98.4,2.0,Stress
79,76,96.6,1.4,Sad
67,84,98.7,2.3,Happy
77,84,98.6,0.5,Happy
94,91,98.6,4.2,Anger
66,72,98.5,1.2,Happy
75,79,97.3,2.2,Sad
80,82,99.5,2.5,Anger
65,86,99.0,1.4,Happy
67,72,97.9,1.2,Sad
88,76,98.6,4.5,Anger
83,84,99.6,3.6,Anger
76,98,99.4,3.9,Depression
70,67,98.8,1.7,Guilt
67,94,98.9,1.5,Shame
73,77,99.6,4.5,Depression
82,73,98.9,4.7,Anger
99,82,98.5,2.9,Excited
93,94,98.7,4.7,Anger
61,73,97.3,1.1,Shame
78,89,96.6,1.1,Sad
71,86,98.7,1.7,Shame
74,85,98.4,3.8,Fear
73,93,99.5,1.6,Stress
76,100,97.2,3.7,Fear
63,100,99.6,4.1,Depression
78,91,99.1,3.7,Depression
77,87,97.7,2.4,Guilt
79,70,99.6,3.1,Stress
65,84,97.0,1.8,Fear
75,60,98.6,0.2,Neutral
null,70,98.1,null,Happy
91,73,99.6,2.8,Anger
64,78,99.4,1.5,Happy
77,64,96.4,0.6,Sad
65,60,99.1,1.4,Guilt
91,74,97.9,4.2,Anger
78,71,98.5,3.3,Depression
67,74,99.3,2.5,Stress
61,90,98.9,1.9,Shame
65,83,98.4,2.4,Happy
98,72,99.5,4.8,Anger
null,92,97.9,2.1,Shame
69,87,98.6,0.5,Happy
70,72,97.2,0.9,Neutral
72,82,97.0,2.3,Fear
75,89,98.1,3.4,Depression
80,75,99.7,3.3,Excited
94,72,97.9,2.2,Anger
72,64,98.7,1.5,Happy
70,109,99.1,2.9,Stress
68,75,98.5,1.4,Guilt
77,82,99.0,1.8,Guilt
61,97,99.4,3.1,Depression
65,80,99.2,5.0,Depression
87,87,98.0,3.8,Excited
62,71,97.2,0.8,Sad
67,82,98.0,1.5,Shame
74,79,98.9,0.7,Guilt
null,81,98.8,2.6,Stress
79,64,98.6,0.9,Happy
100,88,98.8,2.8,Anger
69,76,98.3,1.3,Happy
72,72,99.1,2.0,Stress
82,91,99.2,2.2,Excited
79,88,99.1,1.7,Shame
75,72,99.6,3.6,Stress
62,107,99.0,2.5,Stress
97,100,98.6,4.1,Excited
67,81,98.0,0.6,Neutral
67,82,98.6,2.3,Guilt
71,74,97.4,0.9,Neutral
75,81,98.8,2.3,Guilt
80,78,98.5,0.9,Neutral
82,93,98.3,3.0,Excited
65,61,98.4,0.7,Guilt
73,77,97.8,1.6,Happy
85,86,99.2,2.8,Anger
82,77,99.2,2.5,Anger
67,75,98.5,1.9,Fear
95,90,98.5,4.6,Anger
61,88,98.5,2.9,Shame
63,79,98.2,3.9,Stress
76,88,97.8,0.4,Neutral
64,78,98.4,2.5,Shame
69,77,98.3,3.6,Depression
89,72,98.5,5.0,Anger
90,110,99.1,4.4,Excited
78,94,97.8,2.0,Shame
68,74,97.4,3.4,Shame
66,75,98.8,0.8,Guilt
72,69,97.7,0.7,Sad
72,68,97.0,0.6,Neutral
75,95,97.5,1.6,Shame
65,65,98.0,1.0,Sad
79,68,null,0.5,Neutral
98,86,98.8,3.0,Excited
63,95,98.9,4.4,Depression
67,95,99.3,2.6,Stress
67,75,96.4,2.0,Sad
72,64,98.3,2.0,Guilt
69,78,99.0,0.7,Guilt
91,89,98.2,3.6,Anger
62,84,98.2,1.0,Guilt
96,77,98.1,3.8,Anger
80,81,99.7,4.9,Anger
93,70,98.6,1.8,Excited
77,79,97.0,2.0,Fear
65,72,98.4,0.8,Guilt
70,70,96.9,1.1,Sad
77,83,96.8,0.9,Sad
100,90,98.9,2.6,Anger
65,64,97.0,0.7,Neutral
77,85,97.3,1.8,Fear
68,76,98.9,4.4,Depression
90,98,99.3,2.5,Anger
71,79,97.7,0.3,Neutral
73,92,98.1,3.2,Depression
74,74,97.0,1.9,Fear
62,100,96.9,2.6,Fear
77,86,97.7,1.2,Guilt
60,80,99.6,2.4,Depression
63,63,98.8,2.1,Happy
77,87,98.9,1.9,Shame
79,96,97.6,3.5,Shame
64,67,98.3,1.4,Happy
86,107,99.1,2.4,Excited
66,88,98.0,2.3,Sad
70,83,97.2,1.8,Sad
60,84,98.7,2.2,Guilt
73,82,98.6,2.3,Shame
72,85,98.7,2.9,Stress
95,91,98.0,2.0,Excited
61,79,98.1,3.2,Shame
63,107,98.3,2.8,Stress
66,84,97.2,0.8,Neutral
65,91,98.8,4.3,Depression
70,78,97.2,1.3,Sad
99,108,99.3,3.7,Excited
67,71,99.4,3.0,Depression
76,81,98.3,3.0,Depression
93,82,99.7,3.6,Anger
75,90,98.5,2.1,Depression
76,80,98.3,2.5,Stress
80,94,99.2,3.0,Excited
63,90,97.7,3.4,Fear
60,72,97.9,1.6,Sad
72,76,97.4,1.9,Guilt
74,73,98.4,0.8,Guilt
71,65,97.9,2.3,Sad
69,74,97.4,0.7,Sad
78,73,98.6,3.8,Stress
93,80,98.9,3.9,Anger
90,77,98.9,4.1,Excited
93,90,98.0,3.7,Anger
74,90,97.5,2.1,Fear
72,81,99.0,4.7,Depression
68,94,99.1,2.6,Depression
77,86,98.3,2.4,Happy
68,82,98.8,1.8,Happy
70,null,97.3,2.4,Sad
85,73,99.4,4.0,Anger
77,85,99.3,5.0,Depression
67,89,98.1,0.9,Sad
65,88,98.0,0.7,Neutral
82,88,98.1,2.2,Excited
91,100,99.2,2.8,Anger
68,92,98.2,1.8,Shame
69,85,99.5,4.6,Depression
99,99,98.3,3.9,Excited
77,84,97.5,1.3,Shame
70,100,98.4,2.8,Shame
81,100,98.8,3.6,Anger
75,60,98.5,0.6,Neutral
84,101,98.0,2.6,Excited
78,77,98.5,2.2,Fear
65,63,98.3,0.9,Happy
62,77,98.5,2.4,Stress
73,78,97.2,1.2,Sad
80,93,97.6,3.9,Fear
75,77,97.8,1.3,Happy
78,84,98.6,0.4,Neutral
99,71,98.2,2.7,Excited
75,76,97.6,0.3,Neutral
61,67,97.7,1.8,Guilt
66,89,98.0,2.6,Fear
95,96,99.7,4.4,Anger
77,84,98.1,2.4,Guilt
77,74,98.4,0.6,Neutral
65,95,98.4,4.1,Depression
69,69,99.0,0.7,Guilt
78,60,97.0,0.3,Neutral
74,81,98.2,2.7,Depression
71,86,97.9,0.3,Neutral
98,80,98.0,3.2,Anger
80,63,98.9,1.2,Happy
76,87,99.4,1.4,Happy
74,62,98.5,0.2,Neutral
100,92,99.3,3.2,Excited
64,95,99.6,2.7,Depression
75,84,99.5,3.2,Stress
63,78,97.4,1.0,Guilt
65,84,98.2,3.5,Fear
76,80,98.4,2.9,Fear
70,95,97.8,1.8,Fear
60,98,97.4,2.7,Fear
72,71,97.7,0.8,Guilt
85,72,99.3,2.7,Anger
65,88,97.7,2.9,Shame
73,81,98.0,2.5,Depression
60,81,98.3,0.7,Guilt
73,83,97.3,1.2,Sad
72,95,99.6,3.0,Depression
94,79,98.6,4.4,Excited
76,69,98.8,1.0,Neutral
66,69,97.3,0.3,Neutral
98,92,99.6,2.1,Excited
78,98,99.0,2.4,Depression
74,72,96.6,0.5,Sad
67,87,97.6,2.0,Shame
60,89,98.7,4.0,Depression
99,96,98.5,3.7,Anger
78,85,97.1,0.7,Neutral
70,96,98.1,1.9,Fear
70,73,97.5,2.4,Shame
83,99,98.2,2.4,Excited
73,65,97.6,2.0,Guilt
78,97,98.0,3.2,Fear
62,89,97.2,1.6,Fear
72,70,98.0,1.2,Happy
62,99,97.9,3.9,Stress
69,83,99.0,2.1,Guilt
96,76,99.0,2.3,Excited
62,98,97.1,3.9,Fear
71,71,96.7,0.9,Sad
65,88,97.7,2.1,Fear
60,87,98.8,4.0,Depression
74,89,98.4,0.5,Neutral
68,71,97.5,3.8,Fear
78,77,96.9,1.9,Sad
66,87,98.7,2.1,Guilt
69,82,97.6,1.1,Sad
66,89,97.5,1.4,Guilt
70,94,98.7,1.2,Shame
60,78,98.9,2.5,Shame
67,87,98.7,3.6,Depression
63,76,96.9,1.5,Sad
69,67,98.5,1.0,Neutral
72,100,98.1,3.2,Stress
70,64,97.1,0.9,Sad
74,85,97.2,1.0,Neutral
75,92,99.2,3.2,Stress
71,79,97.4,1.8,Shame
79,65,98.3,0.6,Guilt
96,73,98.2,2.8,Excited
76,84,98.7,1.7,Guilt
67,85,98.4,3.0,Fear
66,65,99.1,null,Guilt
65,93,99.0,2.8,Stress
65,83,99.2,4.2,Depression
73,101,98.0,2.1,Stress
72,67,97.3,1.4,Sad
88,72,98.3,3.3,Anger
79,66,98.7,0.7,Neutral
85,94,99.6,2.5,Anger
70,92,98.0,2.1,Shame
73,71,98.4,3.7,Depression
61,77,97.9,2.2,Shame
70,92,99.1,3.4,Depression
67,99,98.5,3.3,Stress
null,84,98.7,0.4,Neutral
66,90,98.5,1.6,Guilt
65,67,97.7,0.2,Neutral
78,83,97.2,0.9,Neutral
72,105,98.3,3.9,Stress
76,61,98.1,0.9,Neutral
62,79,98.9,3.4,Shame
74,62,98.1,1.3,Sad
91,86,98.6,2.7,Excited
61,83,97.5,1.0,Sad
62,81,97.9,3.4,Fear
71,74,99.0,1.6,Shame
64,75,97.7,0.4,Neutral
64,73,99.3,2.0,Stress
64,79,97.3,0.9,Neutral
77,92,97.7,1.1,Shame
73,66,99.2,1.5,Happy
74,100,98.7,3.6,Depression
61,77,98.3,1.0,Happy
61,109,97.9,3.6,Stress
90,91,99.7,1.5,Excited
68,69,99.3,0.9,Happy
74,71,98.3,4.9,Depression
97,81,98.0,2.8,Excited
66,60,99.1,1.7,Guilt
67,87,97.8,1.8,Guilt
79,83,98.0,1.9,Stress
72,78,98.5,4.4,Depression
62,76,99.5,3.0,Stress
77,89,98.3,2.7,Depression
68,64,98.5,0.7,Neutral
96,99,97.9,2.7,Excited
80,87,97.4,1.0,Guilt
60,89,98.8,1.3,Happy
76,89,98.5,0.7,Neutral
69,76,98.2,2.9,Fear
83,93,98.8,4.1,Excited
63,73,98.5,1.5,Shame
79,69,98.7,0.9,Neutral
78,88,96.8,2.7,Fear
72,85,98.4,3.7,Stress
71,61,98.5,0.8,Happy
60,103,99.2,2.5,Stress
64,91,98.1,3.9,Stress
75,96,97.5,2.1,Fear
77,82,97.5,1.6,Fear
85,74,99.6,1.9,Excited
75,83,98.3,1.2,Guilt
69,74,97.7,1.0,Guilt
89,76,98.8,3.4,Excited
78,100,98.3,2.9,Depression
63,71,99.0,2.4,Guilt
63,74,98.7,0.9,Happy
72,82,98.2,2.0,Sad
70,82,98.0,2.0,Stress
77,69,98.2,0.5,Sad
85,83,99.0,2.7,Anger
71,62,98.1,1.7,Guilt
83,84,98.7,3.5,Anger
74,89,98.5,3.2,Fear
60,83,97.1,0.6,Neutral
72,null,98.0,2.2,Depression
64,91,97.4,1.0,Shame
99,73,99.5,3.6,Anger
68,79,98.6,2.5,Guilt
78,84,99.0,2.1,Stress
61,91,98.0,2.3,Depression
63,80,98.1,2.5,Shame
66,86,98.1,0.7,Guilt
79,92,98.1,2.2,Depression
73,74,98.7,3.0,Shame
62,62,98.3,1.3,Guilt
67,65,97.7,0.7,Guilt
77,75,98.5,3.8,Stress
79,77,99.2,2.0,Happy
71,78,98.3,1.9,Stress
88,95,99.5,3.4,Anger
90,103,99.5,2.5,Excited
71,100,98.0,2.5,Shame
70,70,99.7,4.1,Depression
79,83,98.1,3.1,Stress
73,85,98.7,2.2,Depression
63,99,98.2,1.6,Stress
80,66,98.0,0.4,Neutral
97,81,98.8,2.9,Excited
84,110,99.4,3.1,Excited
76,88,98.2,1.2,Guilt
64,77,98.3,1.5,Happy
67,82,98.1,2.3,Sad
78,80,98.1,2.4,Fear
63,72,99.4,0.8,Happy
100,101,99.1,2.3,Excited
86,78,98.9,3.3,Anger
73,98,97.8,2.3,Shame
67,66,97.4,1.7,Sad
64,78,98.6,4.9,Depression
74,91,99.0,2.9,Stress
94,75,98.1,3.7,Anger
78,107,99.4,2.7,Stress
null,72,99.4,2.9,Depression
80,78,98.1,1.6,Guilt
80,110,99.7,2.3,Excited
75,94,98.2,1.1,Shame
74,62,99.4,1.2,Happy
88,80,98.3,4.4,Anger
62,103,99.4,3.5,Stress
78,70,98.3,0.7,Neutral
64,86,98.3,0.3,Neutral
81,86,99.3,4.3,Excited
80,72,99.2,2.4,Excited
79,88,99.6,2.2,Depression
88,92,98.8,4.0,Anger
80,76,98.6,2.0,Happy
76,87,98.6,3.1,Fear
76,87,98.2,4.7,Depression
73,87,98.2,3.3,Stress
73,94,97.7,3.2,Shame
83,105,98.9,2.1,Excited
70,96,97.6,2.0,Fear
74,93,99.2,3.5,Stress
84,82,98.5,4.4,Anger
73,77,98.6,2.5,Depression
78,88,97.8,1.7,Stress
69,84,98.2,2.2,Happy
64,94,99.0,2.9,Shame
67,98,98.4,3.2,Depression
66,72,98.9,2.5,Shame
73,91,99.3,3.2,Stress
97,97,98.0,2.5,Anger
64,93,97.5,2.5,Shame
77,88,97.9,2.4,Depression
79,99,97.2,1.6,Fear
64,100,97.5,3.3,Shame
62,76,98.0,2.2,Guilt
null,86,97.7,null,Fear
73,90,98.5,2.5,Guilt
77,95,97.0,3.5,Fear
70,63,98.4,1.7,Guilt
63,82,98.8,1.9,Happy
65,72,98.8,2.9,Depression
61,63,98.5,0.7,Guilt
71,77,97.9,3.8,Depression
78,86,97.7,0.8,Neutral
73,88,98.1,0.8,Neutral
65,70,98.9,1.6,Shame
78,88,99.0,2.0,Stress
63,82,97.2,0.5,Sad
100,103,99.2,4.5,Excited
68,63,99.3,2.5,Happy
62,61,98.3,1.3,Guilt
90,100,99.1,2.0,Anger
74,89,97.3,3.6,Fear
84,100,98.6,2.9,Anger
63,67,98.2,0.2,Neutral
69,83,96.8,0.8,Sad
62,89,99.4,3.2,Depression
77,66,98.7,0.9,Guilt
60,86,97.3,1.1,Guilt
62,70,97.2,2.5,Fear
74,87,96.7,2.2,Sad
64,76,98.9,1.0,Happy
78,82,97.3,0.5,Neutral
63,85,99.3,4.7,Depression
75,78,98.6,0.8,Neutral
67,99,97.0,3.0,Fear
71,71,97.0,0.6,Sad
75,61,96.8,1.3,Sad
73,84,96.9,0.7,Sad
63,70,99.2,1.5,Stress
64,78,98.6,0.5,Neutral
75,91,98.2,1.7,Shame
75,98,99.5,3.6,Stress
62,99,98.6,4.0,Stress
67,64,98.5,0.5,Neutral
62,85,97.5,0.8,Sad
84,103,99.3,1.6,Excited
64,90,99.2,3.1,Depression
77,96,98.4,3.2,Shame
85,73,98.5,3.6,Excited
62,94,98.0,1.1,Shame
68,62,98.5,1.3,Happy
62,79,97.3,3.0,Fear
68,89,98.2,2.3,Guilt
74,84,97.4,1.7,Sad
61,97,99.0,3.8,Depression
68,98,97.7,2.2,Fear
64,63,98.6,1.3,Happy
62,73,98.2,3.4,Shame
62,89,97.6,1.6,Guilt
94,87,98.4,4.1,Anger
69,99,98.3,3.6,Fear
60,97,99.3,3.9,Depression
85,101,98.4,2.7,Excited
67,60,97.6,0.6,Sad
71,76,98.0,1.7,Stress
97,80,98.4,2.1,Excited
79,83,98.0,1.6,Fear
77,90,98.2,1.4,Happy
72,107,98.4,1.8,Stress
75,79,97.7,0.6,Neutral
80,99,98.5,1.6,Shame
68,90,97.5,1.9,Sad
92,71,98.5,4.4,Excited
74,86,98.9,2.3,Shame
71,76,97.2,2.4,Sad
62,81,98.1,0.4,Neutral
95,95,98.9,4.3,Anger
63,76,97.5,1.0,Sad
63,60,98.6,1.9,Guilt
null,96,99.0,1.8,Shame
63,88,98.3,1.7,Guilt
85,89,99.4,3.2,Anger
79,76,97.8,2.2,Fear
70,96,98.9,3.1,Shame
94,88,99.2,2.9,Anger
77,71,98.2,0.5,Neutral
68,80,98.0,2.1,Fear
74,81,99.7,2.5,Depression
98,81,97.9,2.6,Anger
69,91,99.2,2.5,Depression
70,80,99.4,1.8,Happy
78,75,99.0,0.7,Happy
88,101,98.2,3.7,Excited
66,97,97.9,5.0,Depression
78,97,97.9,3.9,Stress
94,94,99.3,3.3,Anger
66,82,97.5,2.3,Fear
61,81,97.4,3.0,Shame
76,70,97.6,1.4,Shame
64,89,97.0,1.0,Neutral
76,83,98.2,3.4,Fear
60,86,97.1,2.6,Fear
64,67,99.0,1.2,Guilt
61,87,97.1,1.4,Sad
65,73,99.0,1.8,Shame
88,84,99.3,3.5,Anger
71,81,97.3,0.8,Guilt
71,86,98.0,2.0,Happy
77,86,98.0,0.6,Guilt
60,87,98.0,2.3,Fear
71,98,99.3,2.1,Depression
73,87,98.5,2.3,Happy
68,86,98.0,0.5,Neutral
60,81,99.1,2.1,Shame
78,62,97.9,0.7,Happy
63,61,98.6,1.5,Happy
78,80,97.6,0.3,Neutral
60,71,97.8,2.6,Shame
87,71,99.0,4.0,Anger
65,67,99.2,2.1,Happy
68,81,99.4,2.2,Stress
87,82,99.1,2.1,Anger
75,94,97.7,3.0,Fear
78,75,97.3,1.8,Shame
78,100,98.7,2.1,Shame
74,66,99.1,1.4,Happy
77,80,96.9,0.5,Sad
92,78,98.5,4.3,Anger
77,83,98.9,2.0,Shame
78,85,96.9,1.6,Sad
null,92,98.6,3.0,Stress
80,72,98.6,3.2,Anger
65,76,99.5,3.8,Stress
80,81,98.6,1.4,Happy
63,74,98.5,0.7,Neutral
65,85,97.9,0.3,Neutral
62,77,99.0,2.1,Happy
62,80,98.3,2.3,Happy
79,72,97.9,1.8,Fear
66,99,98.6,4.2,Depression
60,99,98.7,3.4,Depression
65,80,97.8,1.4,Shame
78,65,97.7,0.9,Neutral
61,80,97.6,2.4,Fear
95,73,98.4,4.3,Anger
66,85,97.3,3.2,Fear
62,84,99.1,2.3,Happy
66,69,97.6,0.4,Neutral
73,73,97.0,0.4,Neutral
66,83,98.2,2.6,Fear
75,88,97.4,1.5,Shame
71,106,98.1,2.6,Stress
84,87,99.1,4.1,Anger
81,96,98.3,2.6,Excited
97,95,98.6,2.4,Anger
95,98,99.4,3.3,Anger
64,86,96.8,3.7,Fear
null,91,99.1,2.5,Anger
79,71,98.2,0.8,Neutral
94,91,98.8,3.8,Excited
99,94,99.6,2.1,Excited
71,70,98.1,2.3,Happy
94,95,99.6,2.6,Anger
92,80,98.7,4.1,Excited
67,64,98.1,1.6,Guilt
77,98,98.5,1.5,Fear
96,79,98.2,3.7,Excited
62,88,98.6,0.7,Happy
67,85,98.1,1.9,Guilt
94,94,98.1,2.1,Anger
80,74,98.7,2.3,Excited
72,66,98.8,1.3,Guilt
77,82,98.8,1.9,Guilt
98,92,99.5,2.0,Anger
71,97,99.0,2.4,Shame
69,87,98.4,4.5,Depression
71,76,98.3,2.0,Guilt
66,90,99.0,2.0,Shame
63,65,97.6,0.6,Neutral
98,88,99.7,1.5,Excited
72,96,99.0,2.1,Depression
69,78,97.9,1.6,Guilt
65,87,99.2,3.9,Stress
61,88,96.6,1.1,Sad
61,84,96.5,0.6,Sad
98,70,99.3,4.2,Anger
62,81,98.9,1.9,Happy
80,61,97.1,1.4,Sad
75,68,96.5,0.6,Sad
96,79,99.4,1.9,Excited
60,91,98.4,2.3,Fear
77,79,98.9,2.9,Depression
95,89,98.1,2.1,Anger
80,70,97.1,2.1,Fear
70,86,98.4,2.9,Depression
71,86,97.5,0.7,Guilt
69,71,98.3,1.7,Happy
68,79,98.1,1.6,Shame
78,64,97.1,2.4,Sad
89,78,99.6,3.7,Excited
73,96,98.1,3.4,Fear
67,88,98.0,0.7,Neutral
85,94,97.9,2.6,Anger
62,75,98.8,1.3,Happy
83,77,98.4,2.8,Anger
71,108,98.7,2.6,Stress
63,99,98.0,2.5,Stress
72,63,97.0,0.7,Neutral
80,81,98.5,2.0,Shame
66,79,98.8,4.8,Depression
72,87,99.5,4.3,Depression
68,74,97.6,1.8,Fear
null,73,99.1,3.8,Stress
99,79,97.9,4.3,Excited
72,98,98.4,2.5,Fear
63,91,98.5,3.9,Fear
70,96,99.6,2.5,Depression
79,107,99.3,3.3,Stress
65,85,98.2,1.8,Happy
77,91,98.4,2.7,Depression
76,82,97.9,1.8,Stress
77,65,97.9,0.6,Sad
85,77,98.7,3.6,Anger
64,100,97.5,3.9,Fear
74,65,96.7,1.3,Sad
69,86,98.5,0.4,Neutral
72,96,98.5,1.9,Fear
93,90,99.6,2.3,Anger
78,82,99.4,4.8,Depression
60,87,98.4,1.9,Guilt
70,75,98.1,3.1,Shame
74,71,98.1,3.5,Depression
88,73,99.2,3.6,Anger
95,82,98.7,3.0,Anger
75,60,98.0,0.5,Neutral
69,70,98.7,null,Guilt
81,71,98.7,2.0,Excited
73,60,99.1,2.4,Guilt
77,63,97.7,0.8,Happy
98,81,99.7,4.0,Excited
73,84,98.9,2.7,Shame
78,77,98.1,1.6,Sad
75,81,97.1,0.9,Neutral
60,74,98.4,2.3,Happy
63,71,99.3,4.1,Depression
79,85,98.0,1.8,Fear
66,80,97.8,1.9,Guilt
77,60,97.9,0.8,Neutral
73,98,98.3,3.2,Shame
76,74,99.0,2.0,Depression
71,74,98.7,2.3,Guilt
99,96,99.4,4.9,Anger
71,93,96.8,3.1,Fear
61,83,98.0,0.8,Sad
62,81,97.7,0.3,Neutral
82,80,98.1,3.8,Excited
63,93,99.5,3.4,Stress
71,61,97.8,0.8,Sad
86,106,98.9,2.7,Excited
86,83,99.5,2.8,Anger
77,86,98.5,2.2,Shame
75,64,99.4,0.5,Happy
100,95,98.2,2.3,Anger
69,74,98.2,1.7,Sad
60,85,99.3,3.5,Stress
69,95,98.7,4.3,Depression
77,62,98.3,1.2,Happy
68,77,97.1,1.9,Fear
63,86,98.8,0.9,Happy
98,98,99.0,3.2,Anger
85,102,99.1,2.6,Excited
76,80,97.5,1.2,Guilt
79,99,98.2,2.1,Fear
80,79,99.4,3.3,Stress
80,69,98.8,1.2,Happy
75,77,98.7,1.3,Shame
76,69,97.5,1.6,Sad
79,68,97.4,0.8,Neutral
73,61,97.8,0.8,Sad
75,97,97.8,3.5,Shame
75,78,97.8,2.1,Stress
64,99,97.4,3.0,Fear
64,102,98.3,3.9,Stress
71,90,98.1,2.6,Shame
62,73,97.7,0.6,Neutral
75,93,98.2,2.9,Stress
77,74,98.3,1.2,Happy
62,90,98.8,3.0,Depression
74,80,97.0,1.7,Fear
79,62,97.7,0.8,Guilt
77,62,98.5,0.8,Neutral
94,93,99.3,3.0,Excited
72,91,97.6,3.0,Shame
71,68,98.5,0.6,Guilt
66,84,98.0,0.9,Guilt
62,92,98.3,1.7,Stress
100,83,98.3,3.9,Anger
76,78,96.6,1.6,Sad
82,84,99.2,2.4,Excited
67,81,98.3,4.8,Depression
61,94,98.5,3.9,Fear
62,72,97.7,3.4,Fear
72,77,98.1,1.0,Neutral
61,90,97.8,1.2,Sad
66,93,99.7,2.4,Depression
75,89,99.0,3.4,Stress
74,81,98.9,2.2,Guilt
77,74,97.7,0.7,Neutral
89,100,98.1,4.7,Anger
64,90,98.0,1.6,Guilt
67,92,99.3,1.7,Stress
71,82,98.6,1.7,Shame
70,90,98.1,0.8,Guilt
null,null,98.6,2.2,Guilt
64,89,97.7,0.9,Happy
87,82,99.1,2.0,Anger
66,62,98.5,0.9,Neutral
76,71,98.3,0.9,Neutral
84,84,98.0,2.0,Anger
63,null,98.6,0.9,Neutral
70,71,98.1,1.5,Shame
80,89,98.5,2.2,Fear
62,77,98.7,1.9,Guilt
72,83,98.5,3.5,Fear
85,74,98.9,2.7,Anger
76,78,97.2,3.0,Fear
71,100,99.3,4.2,Depression
64,61,97.6,1.7,Guilt
100,79,99.5,1.9,Excited
64,83,97.2,1.9,Sad
71,84,97.3,2.2,Sad
92,83,99.1,3.9,Anger
94,80,99.3,4.1,Excited
76,96,99.4,3.2,Depression
61,70,97.7,2.1,Sad
62,79,98.0,2.5,Happy
74,95,99.6,1.5,Stress
69,95,98.3,2.8,Depression
84,74,99.3,2.8,Anger
94,85,99.1,4.2,Anger
66,105,99.3,2.3,Stress
61,87,98.2,1.1,Happy
79,87,98.5,3.6,Fear
62,75,99.4,3.2,Stress
68,87,98.5,1.0,Shame
60,100,98.8,3.7,Depression
66,76,99.2,1.8,Happy
62,93,98.3,1.7,Shame
71,87,98.1,4.3,Depression
60,74,97.8,1.6,Fear
null,71,null,3.5,Shame
80,86,97.3,1.7,Sad
93,88,98.6,3.5,Excited
63,78,98.0,4.7,Depression
60,93,98.5,2.9,Shame
97,103,99.0,3.2,Excited
66,81,97.3,0.4,Neutral
76,87,98.2,2.2,Guilt
70,74,98.0,2.7,Fear
80,76,99.4,0.9,Happy
76,88,98.1,0.4,Neutral
61,62,97.4,0.9,Guilt
60,85,98.7,1.5,Guilt
85,81,99.1,3.8,Excited
63,71,98.6,2.8,Fear
78,94,99.3,1.9,Stress
78,80,97.4,2.2,Guilt
60,97,98.5,1.6,Stress
84,89,98.1,2.5,Anger
91,83,98.0,4.0,Excited
74,93,98.8,3.1,Shame
62,71,99.1,2.4,Happy
66,70,98.1,2.8,Shame
77,67,98.5,1.4,Guilt
66,96,98.5,1.0,Shame
65,67,98.3,0.6,Happy
63,90,98.1,0.8,Happy
90,85,null,3.1,Anger
65,85,98.9,3.0,Shame
69,79,97.8,0.2,Neutral
71,80,99.2,4.0,Depression
72,93,99.5,2.9,Stress
61,67,96.4,1.5,Sad
80,96,99.3,2.7,Stress
76,75,98.6,0.2,Neutral
72,97,98.9,2.3,Depression
65,109,98.1,2.8,Stress
74,71,97.5,2.1,Sad
70,81,97.2,0.9,Sad
68,70,98.1,2.9,Shame
60,81,99.0,3.9,Stress
75,85,99.4,3.4,Stress
71,95,97.4,1.4,Shame
80,73,98.9,2.5,Guilt
93,71,99.3,3.2,Anger
64,90,97.6,3.1,Shame
73,66,98.8,1.3,Happy
65,79,98.8,2.9,Shame
61,83,98.7,3.1,Shame
62,76,98.3,1.7,Guilt
80,64,98.1,1.5,Happy
61,94,97.5,3.4,Shame
63,83,99.4,4.2,Depression
68,81,97.4,3.4,Shame
70,71,99.2,1.8,Stress
76,65,98.4,0.9,Neutral
65,87,98.5,0.6,Guilt
88,85,98.8,4.9,Anger
75,97,97.4,1.4,Shame
94,77,98.1,3.5,Anger
66,70,97.6,1.8,Sad
79,84,97.8,3.9,Fear
78,67,97.4,1.1,Sad
72,65,97.7,0.6,Neutral
77,74,99.1,4.0,Stress
99,90,98.9,3.4,Excited
64,76,97.8,3.2,Shame
70,67,99.1,0.8,Happy
73,73,98.9,2.0,Guilt
80,66,97.1,0.9,Neutral
64,63,99.0,1.3,Guilt
80,73,97.9,1.3,Sad
72,70,98.0,3.1,Depression
79,96,97.8,3.2,Fear
75,74,98.7,1.9,Stress
80,75,98.5,4.0,Excited
68,74,98.3,0.8,Happy
93,92,98.5,2.2,Excited
70,69,98.2,1.4,Happy
73,72,99.5,3.6,Depression
78,71,98.1,3.5,Depression
84,79,99.6,4.4,Anger
89,74,99.5,2.3,Anger
65,74,98.9,1.5,Shame
97,75,98.1,4.4,Anger
86,91,98.4,4.5,Anger
87,90,98.5,3.2,Anger
67,89,97.7,1.4,Shame
93,109,98.9,4.1,Excited
72,76,98.0,2.9,Stress
65,61,98.1,0.6,Happy
77,80,97.7,1.4,Sad
60,84,98.2,4.5,Depression
75,67,98.9,1.3,Happy
81,91,98.5,5.0,Anger
90,100,99.2,2.5,Excited
97,72,98.7,4.4,Excited
71,99,99.1,4.9,Depression
69,103,98.6,2.3,Stress
94,73,99.5,2.1,Anger
60,79,97.9,1.9,Fear
67,93,98.8,3.1,Stress
77,94,98.2,3.3,Stress
78,94,99.0,3.0,Stress
63,91,99.0,2.2,Depression
73,84,97.4,0.6,Sad
75,86,97.0,3.0,Fear
71,90,98.0,3.4,Depression
99,81,99.6,4.4,Anger
65,73,98.1,0.8,Guilt
69,74,99.2,1.7,Happy
65,81,96.6,1.6,Sad
63,85,98.0,3.3,Fear
67,61,98.7,0.6,Happy
100,85,98.2,3.4,Anger
63,91,97.9,2.4,Fear
64,79,98.2,3.1,Shame
99,86,99.6,4.3,Anger
87,75,98.2,4.3,Anger
70,77,98.1,0.9,Neutral
70,74,97.8,0.8,Guilt
63,84,99.0,1.1,Happy
67,93,98.4,3.8,Depression
78,82,98.0,1.7,Guilt
61,61,98.2,0.7,Happy
71,83,99.2,2.8,Depression
65,76,99.0,2.0,Happy
62,86,98.3,1.9,Guilt
80,71,98.9,2.4,Stress
78,100,98.6,1.5,Shame
70,84,97.8,3.4,Shame
75,73,98.6,4.0,Depression
70,65,98.9,0.9,Guilt
78,67,97.6,1.3,Guilt
78,77,99.0,2.3,Happy
81,94,98.7,3.4,Anger
93,86,98.0,4.2,Anger
69,72,97.3,0.7,Neutral
74,75,98.4,0.9,Guilt
62,98,99.1,2.8,Stress
67,72,96.9,2.3,Sad
66,76,97.5,0.6,Neutral
79,68,98.0,0.9,Sad
80,77,98.5,4.3,Excited
64,71,99.1,1.4,Happy
82,81,99.4,4.0,Excited
61,83,99.0,0.7,Guilt
68,85,98.0,3.5,Fear
68,81,98.5,0.8,Happy
81,70,99.1,4.8,Anger
64,79,98.3,1.5,Shame
60,90,96.4,0.6,Sad
77,72,99.2,1.8,Stress
63,71,99.1,2.2,Guilt
78,72,97.9,1.9,Sad
65,71,97.8,1.0,Guilt
64,82,97.6,3.0,Fear
67,74,98.0,0.5,Guilt
89,80,99.6,3.2,Anger
71,72,97.7,0.5,Neutral
76,60,97.7,1.3,Guilt
69,99,98.5,4.1,Depression
67,76,98.4,3.1,Depression
78,60,97.4,1.0,Guilt
70,98,96.9,3.0,Fear
64,86,97.7,1.0,Sad
72,94,99.6,4.3,Depression
69,88,97.3,1.5,Guilt
61,72,98.0,1.7,Happy
66,91,99.1,3.1,Shame
60,79,97.9,2.0,Guilt
71,77,98.1,2.9,Stress
100,89,99.3,3.2,Anger
80,65,97.9,1.7,Happy
64,60,96.6,1.1,Sad
70,96,98.6,1.8,Stress
66,87,null,null,Stress
74,71,99.2,1.6,Happy
80,78,97.8,2.0,Fear
70,68,97.7,0.9,Neutral
82,103,98.5,4.2,Excited
68,110,98.8,3.1,Stress
98,107,99.6,1.6,Excited
83,95,99.1,5.0,Anger
61,97,98.4,2.3,Shame
87,100,99.5,2.1,Excited
78,90,99.3,2.1,Stress
69,100,98.3,3.2,Fear
69,90,98.9,2.9,Shame
74,89,97.5,1.6,Sad
69,85,99.4,3.9,Stress
94,76,99.5,2.2,Excited
76,90,98.0,3.7,Depression
91,79,98.4,2.4,Anger
63,76,98.5,2.3,Depression
85,76,98.0,4.7,Anger
67,99,99.3,2.7,Stress
75,76,98.7,2.2,Shame
74,77,98.8,2.0,Happy
98,94,98.5,4.5,Anger
91,85,99.6,3.7,Excited
62,79,97.8,2.9,Fear
77,83,97.6,0.6,Neutral
84,110,99.7,2.1,Excited
77,107,99.6,2.8,Stress
86,89,98.7,1.5,Excited
100,91,99.1,1.9,Excited
68,106,98.4,2.3,Stress
60,89,99.4,0.6,Happy
74,82,98.5,2.3,Happy
68,86,98.0,1.0,Happy
84,80,98.4,3.4,Anger
76,70,98.1,1.5,Happy
62,68,97.1,0.5,Neutral
60,88,97.0,2.9,Fear
74,94,98.7,1.8,Stress
92,75,98.9,2.0,Excited
67,80,98.4,1.9,Shame
65,81,97.9,1.9,Guilt
60,69,98.3,0.6,Neutral
71,100,96.8,3.4,Fear
60,85,99.4,0.6,Happy
79,60,97.8,2.0,Happy
89,108,98.5,3.1,Excited
92,70,98.4,2.1,Anger
86,99,99.4,2.8,Anger
81,87,99.3,3.8,Excited
62,90,99.4,4.2,Depression
96,91,98.4,3.3,Anger
73,103,98.0,2.0,Stress
66,61,97.2,0.4,Neutral
74,68,96.9,0.6,Sad
75,78,98.5,0.8,Neutral
64,75,98.8,2.9,Shame
62,64,98.5,0.7,Neutral
72,74,97.9,0.4,Neutral
89,93,98.2,3.9,Excited
90,74,99.0,2.6,Anger
75,66,97.1,0.8,Neutral
63,95,98.2,3.0,Depression
75,81,96.9,1.7,Sad
75,91,99.0,2.4,Depression
92,90,98.3,2.8,Excited
62,87,97.8,2.5,Fear
76,79,97.9,0.7,Guilt
66,77,98.9,1.1,Happy
68,76,98.2,1.4,Sad
64,91,98.3,3.6,Depression
63,84,97.5,2.4,Fear
64,99,99.6,3.6,Depression
78,68,97.8,0.7,Sad
65,91,98.8,2.8,Depression
71,65,98.8,1.2,Guilt
60,87,98.1,1.5,Stress
71,90,99.0,1.1,Happy
76,78,97.8,2.1,Happy
85,82,98.6,4.3,Anger
74,75,98.7,2.8,Shame
74,108,98.8,1.6,Stress
89,73,98.0,4.3,Anger
74,79,97.9,1.1,Sad
62,81,96.4,1.5,Sad
79,85,97.7,3.3,Fear
63,84,97.4,1.4,Shame
85,90,99.7,3.5,Excited
66,77,98.1,3.8,Fear
82,93,99.5,2.3,Excited
72,80,99.3,3.4,Depression
73,69,99.3,1.8,Happy
79,86,97.9,1.9,Guilt
80,74,99.6,3.8,Anger
66,91,98.1,3.2,Shame
73,98,97.3,3.1,Fear
79,74,98.5,3.4,Shame
62,82,98.4,2.0,Shame
63,70,98.7,3.1,Depression
61,66,98.7,1.4,Guilt
67,79,99.6,2.0,Stress
67,85,98.1,1.3,Happy
74,72,97.5,1.4,Sad
82,98,99.4,2.8,Excited
92,90,98.9,2.1,Anger
67,105,97.9,2.1,Stress
61,93,98.5,2.1,Fear
80,93,98.4,2.6,Depression
64,90,98.1,2.6,Depression
65,66,97.8,0.7,Happy
98,93,98.8,4.9,Anger
64,73,98.0,1.6,Shame
75,76,98.3,2.1,Guilt
65,80,97.5,1.0,Guilt
80,69,98.0,0.9,Sad
76,88,97.7,1.9,Sad
80,89,97.6,3.2,Shame
69,82,97.4,2.3,Shame
68,61,98.5,null,Happy
70,79,98.1,3.4,Stress
66,97,98.8,2.2,Depression
67,73,97.2,2.9,Fear
72,94,99.1,2.0,Shame
69,70,98.0,1.8,Guilt
79,65,97.6,0.5,Neutral
74,66,99.1,1.8,Guilt
75,96,97.9,3.8,Depression
67,65,98.7,2.5,Guilt
72,62,null,1.0,Guilt
63,86,96.8,0.7,Sad
74,79,96.8,1.6,Sad
80,82,97.6,1.5,Shame
80,107,99.4,3.7,Stress
61,95,99.5,2.5,Depression
72,81,98.7,1.3,Shame
72,88,97.0,2.0,Fear
77,89,98.8,1.6,Stress
73,73,99.2,0.5,Happy
78,65,97.6,1.3,Sad
64,85,98.3,0.9,Neutral
60,91,98.0,3.8,Stress
62,78,98.0,3.5,Fear
79,74,97.9,1.5,Shame
68,98,97.6,2.0,Shame
74,75,98.1,2.0,Shame
66,86,99.1,1.2,Guilt
92,79,98.6,4.9,Anger
63,81,97.3,0.9,Neutral
75,87,97.4,1.9,Guilt
93,109,98.1,2.0,Excited
64,84,97.6,3.1,Shame
70,108,98.9,3.1,Stress
65,79,97.8,2.1,Guilt
72,84,98.6,0.9,Happy
79,92,98.8,3.3,Depression
68,76,97.8,2.8,Fear
62,90,98.2,0.7,Neutral
62,71,97.6,0.6,Neutral
82,74,98.6,4.3,Excited
76,63,98.4,0.9,Neutral
78,76,97.1,2.0,Sad
79,87,98.3,2.8,Fear
77,82,97.9,1.6,Fear
77,91,98.5,2.6,Stress
99,97,98.7,1.9,Excited
64,92,97.4,3.2,Fear
68,76,98.4,4.0,Depression
60,63,99.2,0.6,Happy
75,97,98.1,2.9,Depression
82,95,98.0,5.0,Anger
77,73,98.2,1.9,Happy
76,65,98.7,0.4,Neutral
86,76,98.3,3.1,Excited
73,67,98.9,1.4,Guilt
93,72,99.4,2.6,Anger
75,72,98.6,2.8,Stress
71,88,97.0,3.2,Fear
85,90,98.2,4.5,Excited
66,85,96.9,2.4,Fear
90,78,99.3,2.4,Excited
74,64,99.0,1.1,Happy
80,84,98.5,0.4,Neutral
68,77,98.5,3.2,Depression
83,87,98.0,2.1,Anger
88,90,97.9,2.1,Excited
68,65,98.1,0.6,Neutral
61,72,99.0,0.9,Happy
71,91,98.5,3.6,Stress
62,92,98.9,2.5,Shame
68,89,97.8,0.6,Neutral
96,98,98.3,4.0,Excited
78,61,98.5,1.4,Guilt
76,66,97.8,1.1,Guilt
66,69,97.6,0.6,Guilt
75,78,98.5,3.4,Stress
97,74,98.9,3.7,Anger
73,68,98.5,1.4,Happy
66,69,97.9,1.7,Sad
72,91,98.0,4.0,Depression
74,90,97.6,1.4,Guilt
60,90,97.9,0.8,Happy
64,74,98.4,3.1,Shame
65,64,97.0,1.5,Sad
82,82,98.9,2.7,Anger
69,67,98.5,1.4,Guilt
60,89,99.0,1.9,Happy
68,87,97.8,2.8,Shame
69,90,98.3,2.3,Guilt
83,88,99.3,3.1,Excited
78,71,98.4,0.9,Guilt
79,86,98.1,1.0,Happy
79,74,97.9,2.5,Happy
67,90,98.2,1.0,Neutral
96,80,99.3,2.3,Excited
62,87,98.3,1.8,Guilt
95,70,98.5,3.2,Anger
98,100,99.0,3.0,Excited
66,104,98.9,2.5,Stress
61,70,99.1,0.7,Happy
71,89,99.3,1.8,Happy
76,85,97.2,0.6,Neutral
74,60,99.4,1.8,Happy
70,63,97.4,1.9,Sad
62,89,98.5,1.7,Happy
74,77,97.6,2.6,Shame
73,82,98.3,0.7,Guilt
99,85,99.4,3.2,Anger
94,85,98.4,4.0,Anger
88,90,98.1,4.4,Excited
85,74,99.2,4.0,Excited
63,95,99.2,4.8,Depression
74,65,97.0,1.5,Sad
62,80,98.3,3.2,Shame
77,68,98.0,0.9,Guilt
60,60,97.8,1.5,Happy
69,93,99.2,4.2,Depression
76,91,96.9,3.0,Fear
72,98,96.9,2.4,Fear
80,75,97.2,0.6,Neutral
68,85,98.0,3.7,Depression
85,97,98.5,4.2,Anger
76,88,98.0,4.7,Depression
78,88,98.6,2.4,Stress
96,94,98.9,2.9,Excited
62,81,98.0,2.2,Happy
66,96,98.1,2.6,Depression
67,86,98.9,2.9,Stress
76,77,97.0,0.7,Neutral
61,65,97.4,0.7,Neutral
76,71,99.1,1.1,Happy
61,96,98.9,1.9,Stress
67,86,96.9,1.9,Sad
93,89,99.7,2.1,Excited
70,79,98.1,1.4,Sad
96,72,98.2,2.2,Anger
68,96,98.8,4.5,Depression
70,97,98.9,3.6,Stress
73,79,97.9,3.5,Fear
78,75,97.8,0.8,Neutral
68,88,96.5,1.2,Sad
79,85,96.8,0.9,Sad
66,69,97.6,2.1,Guilt
60,85,98.8,2.5,Stress
78,60,98.7,0.5,Neutral
85,83,98.4,3.7,Excited
70,98,98.6,1.1,Shame
62,71,98.2,3.3,Stress
70,100,98.2,2.6,Depression
79,100,98.2,2.8,Stress
64,78,98.4,0.9,Neutral
97,88,98.8,2.6,Excited
75,78,98.4,2.7,Fear
100,73,98.9,4.4,Excited
67,109,98.6,2.0,Stress
77,76,98.9,null,Shame
null,61,97.7,1.9,Guilt
70,63,98.3,1.0,Neutral
95,84,98.5,4.7,Anger
62,69,97.8,0.4,Neutral
91,109,99.5,1.8,Excited
64,90,97.6,1.1,Guilt
null,82,97.2,0.5,Sad
67,93,98.6,3.7,Stress
97,99,98.6,4.5,Excited
65,66,97.7,2.4,Sad
79,73,97.1,3.7,Fear
70,90,97.7,3.1,Fear
71,85,97.1,2.3,Fear
60,90,98.5,0.6,Neutral
71,78,96.7,2.2,Sad
77,82,97.5,1.1,Shame
65,63,97.6,2.4,Sad
75,72,98.7,0.2,Neutral
62,85,98.4,2.6,Shame
69,81,97.7,1.4,Guilt
74,105,99.0,3.9,Stress
63,90,97.3,0.6,Sad
81,74,99.2,4.3,Anger
78,68,97.4,0.5,Neutral
91,98,98.7,3.6,Excited
64,86,96.8,3.5,Fear
60,60,96.6,1.8,Sad
80,77,99.2,2.6,Excited
79,100,99.7,3.5,Depression
75,64,99.0,2.0,Guilt
64,102,98.2,2.7,Stress
80,63,97.9,0.7,Sad
71,62,97.6,1.4,Guilt
76,92,99.0,3.9,Stress
77,79,97.5,0.6,Sad
null,96,99.5,4.2,Excited
61,66,98.7,1.9,Happy
77,83,97.8,3.8,Fear
64,76,98.4,0.9,Guilt
84,96,98.3,4.3,Anger
77,100,null,null,Fear
99,91,98.5,2.7,Anger
78,88,97.9,0.7,Neutral
96,76,98.5,2.9,Excited
61,84,98.2,0.7,Neutral
95,87,99.1,3.0,Excited
80,60,98.1,1.6,Guilt
68,70,98.1,1.0,Guilt
65,64,97.9,1.2,Sad
62,95,98.7,2.2,Stress
76,82,97.7,1.7,Fear
63,75,98.5,1.2,Guilt
63,80,98.2,1.8,Stress
85,95,98.9,3.0,Anger
70,85,97.9,1.4,Happy
81,94,98.8,1.7,Excited
79,97,98.5,3.7,Depression
74,70,98.4,1.8,Happy
75,75,98.3,2.6,Fear
76,88,97.5,1.1,Guilt
66,78,98.1,2.3,Shame
78,89,97.0,2.9,Fear
69,88,97.1,0.9,Neutral
97,110,98.6,1.6,Excited
62,85,99.2,3.6,Stress
76,78,96.9,2.2,Sad
67,87,97.9,0.6,Neutral
78,88,97.9,1.2,Happy
83,80,99.4,4.0,Excited
87,106,98.4,4.0,Excited
60,80,99.1,1.6,Shame
70,78,99.4,0.8,Happy
75,100,98.0,4.9,Depression
73,77,98.2,2.4,Happy
61,87,98.8,0.8,Neutral
60,74,97.3,2.0,Guilt
69,73,97.3,1.1,Sad
71,87,97.6,1.8,Fear
75,89,96.7,1.4,Sad
61,102,99.3,2.4,Stress
100,101,98.8,2.8,Excited
72,74,98.0,1.7,Shame
65,80,98.1,0.4,Neutral
76,83,98.7,3.3,Stress
67,66,98.3,0.8,Happy
76,75,99.4,1.1,Happy
61,67,97.5,0.4,Neutral
80,74,99.1,4.4,Depression
78,71,98.6,1.2,Guilt
60,77,99.1,2.5,Happy
69,65,96.9,2.1,Sad
79,94,99.0,1.6,Stress
76,68,96.5,2.0,Sad
76,70,97.6,3.2,Fear
74,102,98.7,4.0,Stress
78,73,97.6,0.9,Guilt
68,83,96.9,3.2,Fear
65,88,98.4,0.4,Neutral
69,79,97.9,0.7,Guilt
78,61,98.2,1.3,Sad
93,80,98.4,2.6,Excited
69,78,98.7,0.9,Neutral
99,80,98.7,2.3,Excited
74,88,97.9,1.8,Guilt
67,90,98.1,2.3,Stress
60,76,97.5,0.7,Neutral
68,93,98.6,4.1,Depression
73,74,96.7,0.5,Sad
86,91,98.1,3.5,Excited
97,71,98.2,2.9,Anger
61,87,97.9,1.8,Fear
77,98,98.7,1.6,Stress
73,null,97.4,2.9,Shame
83,91,99.0,4.6,Anger
67,87,98.0,0.5,Neutral
73,96,98.2,1.6,Shame
74,97,99.0,2.4,Stress
64,70,97.0,1.1,Sad
null,null,null,0.4,Neutral
69,83,98.3,1.6,Happy
73,81,97.8,1.7,Sad
66,77,98.4,0.9,Neutral
62,96,97.7,3.9,Fear
78,75,99.0,2.4,Shame
71,77,98.2,1.6,Guilt
72,78,98.7,2.8,Shame
80,82,98.2,2.9,Anger
63,108,99.0,1.8,Stress
79,90,97.3,0.7,Neutral
68,82,98.2,1.6,Guilt
97,86,98.4,3.4,Anger
60,88,98.6,2.4,Happy
60,93,97.9,1.0,Shame
68,89,99.0,2.1,Guilt
69,86,97.1,0.9,Sad
82,92,98.4,3.0,Anger
81,86,99.1,2.4,Anger
85,109,98.9,1.5,Excited
73,99,98.3,2.4,Depression
72,92,97.8,3.0,Stress
64,65,97.4,0.8,Neutral
75,70,98.1,3.4,Depression
78,81,97.3,1.9,Sad
66,76,98.1,2.4,Stress
60,80,99.4,1.9,Happy
66,98,98.7,1.8,Stress
88,96,98.6,4.6,Anger
75,60,98.4,1.6,Happy
75,66,99.2,2.1,Happy
73,94,97.7,1.1,Shame
68,81,98.6,1.5,Happy
84,89,99.7,3.8,Anger
60,76,96.9,1.9,Sad
75,76,97.4,3.7,Fear
64,77,98.7,2.3,Depression
97,99,98.9,2.4,Excited
77,63,98.4,1.7,Happy
98,76,99.4,2.8,Anger
60,63,98.1,1.0,Guilt
77,94,97.9,3.7,Depression
72,78,98.0,0.7,Sad
74,96,97.8,3.5,Fear
69,88,99.1,0.8,Happy
61,82,97.2,1.8,Sad
73,82,98.5,2.1,Happy
69,70,99.1,3.1,Depression
65,78,97.1,1.1,Sad
72,87,98.1,3.8,Fear
90,107,98.2,1.7,Excited
60,75,99.6,2.2,Depression
79,78,97.2,2.4,Sad
61,73,98.3,0.2,Neutral
68,90,97.5,2.1,Guilt
66,96,99.0,3.0,Stress
71,96,98.2,2.4,Shame
80,104,99.4,3.7,Stress
72,null,98.9,1.5,Happy
77,61,98.0,1.2,Sad
86,79,98.1,3.9,Anger
63,102,99.2,2.4,Stress
64,93,99.0,2.5,Depression
71,77,97.8,1.6,Guilt
84,86,98.1,3.1,Excited
64,72,98.8,2.4,Stress
80,89,97.3,3.2,Shame
70,87,98.6,1.6,Guilt
65,77,97.8,2.4,Shame
94,79,97.9,3.5,Excited
70,78,98.8,1.0,Shame
80,71,98.5,1.9,Shame
86,98,98.1,4.2,Excited
80,74,98.1,2.0,Excited
96,100,98.4,1.8,Excited
60,75,98.6,2.9,Fear
67,100,98.2,1.7,Stress
67,87,98.4,2.5,Depression
80,70,98.8,0.7,Guilt
65,88,98.7,2.2,Happy
62,98,99.0,2.2,Stress
92,99,99.6,5.0,Anger
72,85,98.6,3.2,Shame
63,77,98.6,5.0,Depression
73,83,97.8,2.3,Happy
78,83,97.8,1.6,Sad
64,67,97.2,0.5,Neutral
86,102,99.6,3.1,Excited
99,94,97.9,4.4,Anger
87,106,99.5,3.2,Excited
73,60,98.1,1.8,Guilt
66,105,97.8,3.4,Stress
80,101,98.4,3.8,Stress
61,79,98.1,2.8,Depression
68,74,99.1,1.3,Guilt
94,82,99.1,3.5,Excited
80,93,99.2,1.9,Stress
60,93,97.6,2.2,Fear
77,67,97.7,0.9,Guilt
67,66,98.5,0.3,Neutral
75,73,98.7,1.4,Shame
72,109,98.2,2.8,Stress
75,92,98.0,2.5,Fear
61,82,98.8,2.3,Depression
89,82,99.6,3.5,Anger
99,99,99.5,2.1,Anger
66,98,97.7,2.5,Shame
64,68,97.5,1.9,Guilt
60,86,99.3,1.2,Happy
79,79,96.7,1.0,Sad
74,97,98.8,2.7,Depression
85,94,99.4,4.3,Anger
61,71,97.8,0.9,Guilt
73,77,98.4,2.4,Happy
80,84,98.0,2.3,Sad
null,94,98.6,2.5,Fear
71,94,98.7,2.2,Shame
84,85,98.8,2.2,Anger
62,89,98.1,4.4,Depression
79,75,98.5,2.4,Guilt
61,91,99.0,2.0,Stress
74,88,98.6,1.8,Stress
80,94,99.4,4.0,Stress
77,80,98.3,1.3,Happy
67,85,98.8,3.1,Stress
78,105,99.3,3.5,Stress
76,61,96.4,1.2,Sad
62,89,98.2,0.7,Neutral
78,109,98.6,3.6,Stress
87,91,99.2,3.2,Anger
65,72,98.2,0.6,Neutral
72,80,98.4,2.3,Shame
74,72,99.3,3.2,Depression
66,75,97.6,1.8,Guilt
65,70,98.8,0.7,Guilt
75,82,97.6,1.7,Shame
95,86,98.8,4.1,Anger
77,99,96.8,2.8,Fear
78,60,97.7,1.7,Happy
65,76,96.5,0.8,Sad
87,98,null,1.6,Excited
61,93,99.2,2.3,Depression
61,96,98.4,1.4,Shame
65,64,98.6,2.1,Happy
95,91,98.0,4.6,Anger
86,94,98.2,3.2,Anger
90,89,99.1,3.1,Excited
73,81,97.8,3.6,Fear
62,93,97.0,1.5,Fear
75,93,98.1,1.6,Fear
71,100,97.5,2.9,Fear
68,100,98.1,1.1,Shame
61,77,98.1,1.8,Guilt
67,81,97.7,null,Neutral
73,79,98.0,0.5,Neutral
82,100,99.6,2.5,Excited
93,88,98.3,3.3,Anger
67,87,98.2,0.7,Neutral
82,87,98.7,2.3,Excited
85,84,99.4,4.3,Anger
60,92,98.6,3.7,Stress
76,90,98.0,2.2,Guilt
79,67,99.0,1.9,Guilt
71,75,97.5,0.9,Guilt
63,73,97.4,0.9,Neutral
81,78,99.0,2.8,Excited
70,87,97.6,3.2,Fear
70,80,98.4,1.8,Fear
66,71,98.7,2.7,Stress
75,68,98.1,2.5,Sad
70,73,97.8,1.8,Happy
66,77,97.8,1.4,Happy
66,88,97.8,0.9,Neutral
99,74,99.2,4.3,Anger
71,78,97.7,0.9,Neutral
74,71,97.8,0.3,Neutral
69,84,97.8,2.8,Fear
80,67,98.1,2.0,Happy
69,84,97.7,3.9,Fear
74,82,98.2,2.8,Shame
70,94,98.3,3.5,Depression
68,78,98.2,2.3,Stress
98,94,99.6,2.1,Excited
78,73,98.0,1.0,Guilt
77,62,99.1,1.2,Happy
63,90,98.2,2.1,Depression
73,79,97.8,0.6,Happy
74,83,98.3,2.0,Fear
78,110,98.0,3.4,Stress
71,88,98.6,1.5,Guilt
62,64,98.2,1.6,Happy
76,89,97.4,1.6,Fear
74,73,97.7,1.0,Sad
73,60,98.7,1.2,Guilt
64,60,99.5,1.7,Happy
73,77,97.4,0.7,Sad
63,92,98.3,3.5,Fear
78,75,97.5,3.9,Fear
63,80,98.2,2.1,Shame
68,68,97.7,0.8,Sad
72,99,98.7,3.3,Shame
71,85,98.9,3.1,Depression
67,103,98.1,3.6,Stress
74,94,98.0,4.5,Depression
66,81,98.4,1.0,Guilt
60,81,96.7,1.5,Sad
93,82,98.9,3.9,Anger
80,62,97.4,1.2,Guilt
90,85,99.6,2.9,Anger
64,61,97.7,0.5,Neutral
69,87,97.3,1.0,Neutral
78,82,98.1,2.3,Shame
95,88,99.2,2.6,Excited
75,72,98.1,3.9,Stress
69,84,99.1,1.3,Happy
76,78,99.3,3.3,Stress
null,62,97.5,1.0,Neutral
80,81,99.5,2.8,Depression
86,93,99.4,3.3,Excited
72,80,97.3,1.0,Sad
87,84,98.7,4.6,Anger
71,76,98.6,3.9,Fear
79,78,97.3,1.5,Shame
76,78,99.5,1.4,Happy
100,71,98.5,3.7,Anger
82,78,99.3,4.3,Anger
63,74,97.1,3.8,Fear
74,75,98.1,2.5,Shame
88,74,99.4,3.6,Anger
63,80,97.2,2.0,Fear
77,78,98.7,2.1,Shame
75,77,98.2,3.0,Shame
77,74,98.2,0.6,Neutral
66,70,97.8,1.7,Shame
67,103,98.3,1.7,Stress
68,92,98.0,3.1,Stress
61,65,98.4,1.5,Guilt
76,90,98.3,2.1,Guilt
70,68,98.1,1.9,Happy
97,81,99.1,4.7,Anger
91,86,99.1,2.1,Anger
68,76,97.0,0.3,Neutral
80,88,98.1,4.1,Depression
71,77,98.3,3.0,Fear
64,84,98.4,3.1,Depression
73,87,99.1,1.3,Guilt
80,82,96.5,2.2,Sad
78,109,99.5,2.0,Stress
66,89,99.1,2.8,Stress
91,108,98.1,3.9,Excited
66,77,98.2,2.5,Depression
78,99,99.0,3.5,Stress
73,79,98.2,3.0,Shame
74,61,98.7,1.0,Neutral
78,88,98.6,2.4,Happy
76,70,98.2,1.7,Happy
75,88,97.4,3.0,Shame
75,77,99.4,2.4,Depression
63,84,98.9,2.3,Happy
67,77,97.7,1.0,Guilt
78,87,96.7,2.4,Sad
99,84,97.9,3.6,Excited
76,100,97.0,3.1,Fear
71,93,97.7,3.3,Shame
66,95,97.9,1.2,Shame
66,62,97.3,1.6,Sad
69,77,97.7,0.9,Neutral
70,73,98.6,0.2,Neutral
71,97,98.7,2.1,Stress
77,75,97.7,3.2,Fear
64,86,97.9,0.7,Happy
92,95,97.9,3.8,Excited
64,60,98.0,0.7,Neutral
78,70,97.4,3.1,Shame
92,109,99.3,3.3,Excited
80,75,97.4,2.3,Fear
61,77,99.2,4.0,Depression
85,87,99.0,2.6,Excited
77,76,98.2,3.0,Fear
79,88,99.2,2.7,Depression
63,68,98.0,1.0,Sad
70,62,98.1,2.4,Guilt
80,99,98.2,1.5,Shame
69,63,98.7,2.5,Guilt
67,65,99.2,1.8,Happy
67,91,97.5,1.4,Shame
73,81,99.1,2.8,Depression
77,77,96.4,0.5,Sad
89,82,98.6,4.7,Anger
80,96,98.7,3.9,Depression
65,73,97.9,0.5,Neutral
76,76,96.7,0.8,Sad
74,72,98.5,0.3,Neutral
74,81,99.4,2.1,Happy
80,76,98.5,2.4,Guilt
67,null,null,2.4,Happy
98,80,98.2,2.1,Anger
80,85,98.4,0.4,Neutral
66,60,98.2,0.4,Neutral
86,82,98.3,4.4,Excited
67,83,98.1,1.4,Happy
73,61,96.9,2.3,Sad
94,82,99.3,3.4,Excited
91,94,99.6,4.3,Anger
64,75,98.5,0.5,Happy
69,79,98.9,0.6,Happy
null,65,null,1.1,Sad
60,85,97.3,1.8,Fear
75,76,97.6,0.7,Guilt
73,72,97.4,3.4,Shame
80,73,98.4,1.7,Excited
75,81,98.8,3.3,Shame
60,89,98.4,0.9,Neutral
67,84,98.4,2.5,Stress
98,96,98.5,3.0,Excited
93,78,98.9,2.6,Excited
66,70,98.0,0.6,Guilt
91,97,99.2,2.3,Excited
60,68,96.7,2.2,Sad
76,72,99.0,1.4,Guilt
63,63,99.1,1.6,Happy
63,91,98.5,1.5,Stress
74,90,96.5,2.2,Sad
72,74,97.5,2.4,Fear
67,67,99.3,2.3,Happy
70,79,98.1,2.3,Sad
92,99,98.7,2.0,Anger
79,82,97.1,0.8,Sad
66,77,96.9,3.9,Fear
80,83,98.1,0.9,Sad
80,90,98.5,3.3,Depression
60,83,96.5,1.1,Sad
77,83,98.0,2.1,Shame
65,66,98.6,0.7,Neutral
75,77,98.5,0.5,Neutral
80,73,99.0,3.0,Shame
74,85,99.0,2.9,Depression
77,84,98.7,0.3,Neutral
66,75,98.7,0.9,Neutral
79,60,98.9,1.7,Happy
71,72,99.0,0.8,Happy
75,83,98.2,2.6,Shame
60,96,null,3.9,Fear
79,82,97.8,0.6,Sad
77,70,97.4,0.7,Sad
64,65,98.4,0.7,Neutral
63,103,97.9,3.6,Stress
70,99,98.2,2.7,Stress
97,73,99.5,3.0,Anger
68,79,97.5,3.5,Fear
66,91,99.4,2.7,Depression
61,94,98.9,2.7,Shame
88,88,99.4,1.8,Excited
66,76,97.4,0.6,Neutral
63,62,98.5,1.1,Happy
71,80,97.6,2.5,Fear
76,70,99.1,1.7,Guilt
76,76,99.5,3.7,Stress
60,82,97.0,2.1,Fear
64,80,98.4,3.4,Stress
62,76,98.2,2.7,Shame
67,89,99.1,3.7,Stress
67,60,99.0,1.7,Happy
79,91,98.6,4.6,Depression
84,90,98.7,2.1,Anger
63,80,98.3,2.3,Fear
66,73,97.4,0.7,Sad
95,103,98.9,4.5,Excited
79,92,99.0,4.5,Depression
76,82,98.2,2.3,Stress
67,81,98.1,0.7,Neutral
63,92,97.6,3.0,Shame
62,73,98.1,2.2,Stress
79,89,98.0,1.9,Sad
73,88,98.7,1.5,Happy
76,75,96.9,2.1,Sad
76,85,99.3,1.7,Stress
60,82,98.7,2.5,Depression
71,65,98.5,0.9,Neutral
89,101,99.2,4.1,Excited
66,89,98.2,4.8,Depression
69,79,98.9,1.4,Happy
84,80,99.7,3.7,Anger
84,83,99.4,3.7,Anger
87,74,98.5,1.8,Excited
68,82,98.3,0.3,Neutral
78,83,98.0,3.3,Depression
72,74,98.4,2.1,Guilt
76,61,96.8,1.0,Sad
96,100,99.4,4.1,Excited
96,89,98.3,4.2,Anger
74,65,97.3,0.3,Neutral
64,79,97.9,1.5,Fear
60,88,98.7,0.5,Neutral
79,98,99.1,2.2,Depression
60,70,97.5,0.9,Neutral
97,91,99.5,3.9,Excited
71,79,98.6,4.0,Depression
68,99,97.8,1.7,Fear
71,89,98.6,2.4,Stress
65,75,98.4,3.2,Shame
80,82,97.9,2.1,Shame
62,78,98.2,1.2,Happy
67,89,98.3,0.9,Happy
71,null,null,1.6,Happy
61,72,96.8,2.3,Sad
70,104,99.0,2.7,Stress
77,70,98.0,2.2,Sad
62,85,97.5,0.2,Neutral
72,80,98.7,2.4,Shame
77,62,97.7,1.8,Sad
62,73,98.6,2.0,Guilt
77,86,98.2,2.1,Happy
60,78,98.8,3.4,Stress
76,88,98.5,3.1,Shame
70,84,97.9,2.3,Fear
64,80,99.0,2.3,Depression
64,101,98.3,1.8,Stress
79,82,99.4,3.6,Depression
82,97,98.7,2.0,Excited
72,93,98.7,3.8,Stress
60,78,98.7,1.4,Happy
80,77,97.8,1.9,Stress
72,91,98.5,5.0,Depression
61,72,98.5,2.4,Stress
null,null,null,null,Happy
77,74,96.5,2.0,Sad
73,88,98.4,2.4,Guilt
76,68,97.0,1.1,Sad
97,79,98.6,2.4,Anger
63,63,96.6,0.5,Sad
63,75,97.8,3.6,Fear
77,78,96.9,1.6,Fear
70,88,98.3,0.6,Happy
80,87,98.3,0.6,Neutral
68,89,97.5,2.2,Sad
67,95,98.2,4.5,Depression
84,90,98.1,2.5,Anger
80,89,99.1,2.6,Excited
71,77,98.5,3.1,Fear
62,86,98.2,1.3,Happy
76,73,98.3,0.9,Neutral
66,99,96.9,3.7,Fear
66,77,98.5,2.3,Fear
61,68,98.7,1.3,Guilt
98,99,98.6,3.4,Excited
63,63,97.1,1.5,Sad
96,106,98.9,2.1,Excited
65,61,97.8,1.2,Sad
94,97,99.1,1.8,Excited
66,70,98.4,2.5,Depression
69,72,97.7,2.4,Fear
69,87,97.9,1.0,Shame
76,83,98.0,2.8,Depression
62,83,99.2,3.8,Depression
77,97,96.8,2.3,Fear
69,81,98.0,2.5,Fear
80,98,98.7,1.6,Shame
76,70,98.1,2.1,Depression
80,83,97.6,0.8,Neutral
71,94,98.8,3.3,Shame
73,100,98.6,2.8,Depression
80,68,97.6,1.8,Guilt
78,89,97.7,3.1,Shame
71,83,99.0,1.5,Guilt
77,102,98.9,2.4,Stress
78,87,99.0,3.3,Shame
68,77,98.7,3.9,Depression
62,86,97.1,0.4,Neutral
73,75,98.4,0.9,Neutral
64,88,97.3,2.2,Sad
96,96,98.9,2.2,Anger
64,89,97.5,0.7,Sad
78,75,97.2,1.8,Fear
77,107,99.5,1.8,Stress
88,105,99.4,1.6,Excited
69,null,null,4.0,Depression
69,101,98.5,1.9,Stress
75,79,96.7,0.6,Sad
93,91,99.4,2.9,Excited
70,91,99.6,1.9,Stress
64,69,97.8,0.8,Sad
96,79,99.6,3.7,Excited
63,86,97.4,2.1,Sad
84,70,99.2,2.3,Anger
61,78,97.8,2.6,Shame
66,85,99.4,1.1,Happy
94,90,98.0,2.7,Excited
63,61,97.2,0.8,Neutral
67,79,98.4,2.3,Happy
62,71,97.5,1.3,Guilt
80,78,98.0,1.8,Shame
79,94,97.4,3.3,Shame
69,80,97.3,2.3,Guilt
76,68,97.8,0.5,Neutral
76,93,97.4,3.2,Fear
72,67,99.1,2.1,Happy
77,95,98.9,3.6,Stress
66,81,97.4,0.9,Guilt
73,68,98.1,0.5,Neutral
null,82,98.6,3.6,Anger
79,88,97.7,1.8,Shame
80,79,98.9,2.9,Anger
76,86,98.7,2.3,Shame
80,61,99.2,1.9,Happy
72,90,98.2,1.3,Happy
93,78,98.1,4.2,Anger
64,65,98.5,2.2,Guilt
71,78,98.3,0.2,Neutral
80,109,99.2,2.0,Stress
67,73,98.2,2.0,Happy
62,92,97.4,2.3,Fear
71,106,99.0,2.2,Stress
88,90,98.9,3.7,Anger
74,77,97.8,1.4,Sad
76,85,97.1,2.0,Fear
92,86,98.7,4.3,Excited
70,91,98.6,1.2,Shame
80,84,99.6,3.1,Stress
64,75,96.9,1.2,Sad
76,66,98.0,0.6,Neutral
61,60,98.8,0.9,Neutral
98,97,98.4,3.8,Excited
67,97,98.7,1.6,Stress
80,84,98.4,0.8,Neutral
80,76,98.7,1.2,Guilt
64,81,98.0,1.8,Guilt
63,71,97.7,1.9,Shame
89,84,99.2,4.2,Excited
60,94,99.5,3.0,Depression
66,90,98.8,1.4,Shame
79,73,97.4,2.4,Guilt
67,76,98.0,0.7,Neutral
63,76,98.8,2.2,Stress
78,104,98.9,2.1,Stress
69,82,96.5,1.4,Sad
76,77,98.4,2.4,Fear
78,100,98.5,3.1,Fear
71,85,97.9,1.4,Happy
80,62,97.7,0.6,Neutral
76,87,97.2,3.7,Fear
80,99,98.1,2.6,Shame
66,81,99.4,3.2,Stress
98,95,97.9,2.5,Anger
70,78,98.3,3.4,Shame
73,65,97.4,1.2,Sad
74,70,98.1,0.7,Guilt
100,74,99.6,2.2,Anger
70,67,97.8,1.3,Happy
97,81,99.4,4.6,Anger
76,70,97.5,1.6,Fear
75,83,97.3,0.9,Guilt
90,85,98.1,1.7,Excited
95,79,98.4,4.0,Anger
94,84,98.2,1.7,Excited
69,84,99.0,2.9,Stress
80,102,98.2,3.9,Stress
64,73,98.2,3.9,Fear
64,93,98.2,1.6,Shame
68,85,99.0,1.3,Shame
71,77,98.5,0.9,Neutral
63,75,98.0,3.4,Fear
74,77,97.4,0.9,Neutral
95,96,98.4,4.5,Excited
71,73,96.8,1.7,Sad
94,97,98.7,4.1,Anger
91,76,99.0,3.9,Excited
66,92,97.9,2.0,Fear
69,83,97.6,3.5,Fear
90,103,98.9,3.1,Excited
61,96,97.3,1.9,Fear
77,89,98.4,0.7,Neutral
62,78,null,1.3,Guilt
68,68,98.0,0.9,Happy
61,69,97.0,0.9,Neutral
68,67,97.1,2.5,Sad
97,98,98.5,3.5,Excited
80,77,99.3,2.7,Depression
65,95,98.7,4.9,Depression
60,78,99.0,2.9,Stress
80,77,98.3,2.7,Fear
74,74,97.5,1.7,Sad
77,75,96.9,1.0,Sad
98,93,99.2,4.3,Excited
67,67,98.3,2.2,Guilt
71,62,96.9,1.3,Sad
68,72,99.0,1.5,Guilt
71,75,97.8,3.1,Shame
83,78,99.3,1.6,Excited
60,70,98.8,3.5,Stress
65,85,98.9,1.6,Happy
61,74,98.8,4.1,Depression
98,95,99.0,4.3,Excited
71,73,98.1,0.9,Neutral
74,96,99.3,3.0,Stress
86,71,99.2,3.5,Anger
95,99,99.5,4.9,Anger
73,95,97.1,2.1,Fear
67,94,97.5,2.2,Shame
96,96,99.5,2.6,Anger
79,88,97.8,1.8,Fear
70,87,97.8,2.2,Shame
77,72,98.4,0.8,Neutral
60,75,98.1,0.4,Neutral
64,80,97.2,1.7,Fear
67,75,97.8,0.8,Neutral
71,60,98.5,2.4,Guilt
91,104,98.6,3.4,Excited
72,67,98.0,1.1,Happy
76,71,98.2,2.5,Guilt
65,70,99.1,2.0,Shame
68,98,97.9,2.3,Shame
80,74,98.6,1.7,Fear
71,100,97.9,2.6,Fear
74,73,98.0,1.6,Guilt
87,89,98.1,4.1,Excited
70,73,97.5,0.8,Sad
63,73,97.9,2.6,Shame
67,72,99.1,3.4,Depression
72,63,99.0,0.8,Happy
70,83,97.1,1.6,Sad
73,82,98.6,2.3,Guilt
68,null,99.5,2.0,Stress
62,89,97.9,2.0,Happy
83,73,98.1,2.4,Excited
66,87,97.0,0.7,Sad
96,71,98.9,3.6,Anger
72,72,98.1,1.7,Fear
70,63,97.2,0.4,Neutral
80,83,97.4,0.9,Neutral
73,88,99.4,1.6,Happy
77,86,98.2,0.7,Sad
60,82,97.4,3.3,Fear
67,86,97.0,1.7,Fear
76,80,98.4,2.9,Depression
77,102,99.4,3.0,Stress
71,82,97.1,2.5,Fear
79,79,98.1,1.8,Sad
70,100,98.1,null,Shame
65,81,98.3,1.8,Happy
78,93,98.7,4.4,Depression
60,72,97.9,2.0,Stress
77,89,99.2,2.6,Stress
64,95,98.3,2.9,Depression
87,101,99.2,3.4,Excited
73,null,97.1,1.6,Fear
61,91,99.1,3.8,Depression
61,91,97.9,3.2,Fear
98,72,99.4,2.7,Anger
80,85,97.2,0.4,Neutral
98,95,98.0,3.9,Excited
74,88,99.5,2.1,Stress
95,78,98.9,4.2,Excited
89,104,98.5,1.6,Excited
76,81,98.0,1.3,Happy
80,70,99.6,3.0,Anger
91,106,98.1,3.4,Excited
66,64,98.9,2.0,Guilt
61,82,97.8,2.2,Fear
63,84,99.1,2.2,Depression
69,64,97.9,2.4,Happy
69,88,99.4,1.4,Happy
61,77,99.0,1.9,Stress
74,79,99.1,2.1,Happy
84,94,98.0,3.2,Anger
75,64,97.0,0.9,Neutral
64,92,98.2,3.0,Depression
84,83,98.1,3.1,Anger
80,97,98.1,2.0,Stress
93,89,98.6,3.3,Anger
69,65,97.7,0.5,Guilt
73,64,97.5,1.1,Sad
91,72,98.9,4.0,Anger
61,81,98.1,2.5,Shame
89,102,98.6,1.6,Excited
70,63,97.4,1.2,Guilt
93,101,99.3,3.0,Excited
60,71,97.5,2.1,Guilt
67,77,98.7,2.8,Depression
60,75,98.5,2.8,Depression
78,81,null,3.2,Depression
null,88,99.1,3.5,Depression
63,73,98.5,1.8,Guilt
75,83,97.8,2.9,Shame
81,94,98.8,2.9,Anger
72,77,96.8,0.6,Sad
98,74,98.1,2.1,Excited
69,87,98.6,1.4,Shame
97,76,98.6,2.6,Anger
80,93,97.4,1.5,Fear
69,67,98.8,0.8,Guilt
63,67,97.1,1.0,Sad
79,102,98.7,2.5,Stress
84,91,98.4,1.6,Excited
98,103,98.8,null,Excited
61,96,98.8,1.2,Shame
79,79,97.9,3.7,Depression
79,75,99.3,3.1,Stress
66,74,99.0,1.8,Happy
97,87,98.4,2.1,Anger
62,78,98.0,1.7,Shame
64,76,97.9,0.7,Neutral
68,73,97.1,0.9,Neutral
85,94,98.6,2.1,Anger
70,66,97.1,0.5,Neutral
92,105,98.2,1.6,Excited
73,82,98.7,0.8,Neutral
63,99,97.5,2.2,Shame
63,73,99.4,2.1,Stress
72,79,98.7,1.5,Happy
79,98,98.3,2.7,Fear
75,72,99.3,3.1,Stress
73,84,98.0,3.6,Fear
80,66,97.5,2.3,Sad
69,82,98.3,2.3,Fear
76,72,97.5,0.8,Neutral
68,95,97.6,2.8,Fear
78,91,99.0,3.8,Depression
60,61,98.0,1.8,Sad
63,84,98.6,2.9,Fear
85,71,98.1,4.2,Anger
68,75,99.4,1.6,Happy
66,88,99.0,3.6,Depression
65,74,99.0,1.6,Guilt
75,90,97.6,2.8,Shame
68,93,97.3,1.6,Shame
68,75,97.8,1.1,Sad
80,93,98.4,4.1,Anger
80,87,97.0,0.9,Neutral
70,88,98.8,1.9,Happy
64,85,97.2,0.4,Neutral
78,65,97.6,1.5,Sad
64,77,96.6,1.5,Sad
67,106,99.0,1.7,Stress
79,76,98.1,3.1,Fear
72,60,98.8,2.0,Guilt
69,80,99.2,2.1,Happy
73,105,98.2,3.5,Stress
78,73,96.7,0.6,Sad
96,107,98.7,3.5,Excited
80,86,98.7,1.1,Shame
62,80,97.4,1.4,Guilt
67,87,97.3,1.8,Fear
92,88,99.5,2.0,Excited
65,71,97.3,1.8,Sad
74,72,98.1,3.3,Depression
66,77,97.1,2.4,Sad
79,99,97.3,2.3,Shame
77,76,97.7,0.5,Guilt
68,75,97.8,3.6,Fear
86,95,99.2,3.4,Excited
73,73,96.5,1.3,Sad
79,69,96.9,1.4,Sad
62,69,98.4,1.9,Guilt
79,73,98.2,1.2,Guilt
72,73,99.5,1.7,Stress
78,74,98.3,0.9,Happy
60,70,96.5,1.4,Sad
68,71,97.8,1.4,Guilt
66,64,97.5,0.4,Neutral
80,75,97.3,0.6,Neutral
85,107,98.9,2.7,Excited
72,102,99.3,2.0,Stress
91,76,98.7,2.5,Anger
62,64,98.3,1.4,Happy
81,72,98.5,3.5,Anger
99,88,98.3,4.3,Excited
61,75,99.1,2.2,Shame
67,77,98.3,0.6,Neutral
75,64,97.4,0.6,Neutral
71,76,98.6,0.6,Neutral
76,66,97.6,2.5,Guilt
64,89,98.2,2.1,Guilt
90,81,98.4,2.5,Excited
71,99,97.6,3.0,Shame
70,80,98.8,2.6,Shame
66,72,98.8,1.0,Happy
69,70,97.4,1.7,Guilt
70,60,96.9,1.0,Sad
69,83,97.0,2.5,Sad
68,72,97.2,3.1,Fear
76,74,99.2,3.3,Depression
69,92,98.3,1.8,Stress
80,90,97.7,0.3,Neutral
67,73,99.0,1.2,Guilt
65,71,97.4,3.0,Fear
77,69,98.7,1.3,Guilt
78,90,99.0,2.2,Stress
78,73,98.5,2.3,Stress
63,89,98.9,3.4,Stress
77,87,97.4,0.6,Sad
87,76,98.0,2.0,Anger
63,81,97.7,0.9,Neutral
73,64,98.6,2.4,Happy
67,86,97.9,2.0,Sad
85,90,98.8,4.0,Anger
90,109,99.5,4.4,Excited
80,105,98.7,2.1,Excited
63,70,99.4,0.6,Happy
66,84,97.7,null,Sad
69,77,97.8,2.8,Fear
97,76,99.2,3.8,Anger
82,87,99.2,3.3,Anger
72,72,97.5,3.0,Fear
96,91,98.4,2.8,Anger
82,79,98.3,4.3,Anger
67,81,97.2,0.8,Neutral
67,65,98.3,0.7,Neutral
99,82,98.0,2.1,Excited
61,89,98.1,2.1,Stress
66,97,97.2,2.7,Fear
79,77,99.0,0.7,Guilt
73,73,99.5,4.6,Depression
96,93,99.5,2.2,Anger
60,83,98.5,2.0,Depression
76,83,97.6,1.2,Guilt
67,71,98.3,2.7,Fear
71,61,99.4,2.3,Happy
69,72,97.9,1.3,Sad
66,79,97.8,2.8,Shame
95,80,98.3,3.3,Anger
93,98,98.5,4.4,Excited
64,61,97.8,2.4,Sad
77,90,97.4,0.6,Neutral
68,77,98.3,2.2,Stress
78,60,99.2,1.4,Happy
66,88,97.4,2.3,Fear
71,100,98.5,4.3,Depression
77,80,98.5,4.2,Depression
63,81,98.3,1.5,Shame
71,89,98.2,0.7,Neutral
73,71,97.5,2.2,Shame
72,100,98.2,1.8,Fear
77,82,97.1,1.7,Fear
74,86,97.0,null,Sad
62,66,97.4,2.1,Guilt
63,83,98.9,1.7,Stress
82,98,98.5,3.9,Anger
80,100,98.0,2.3,Fear
62,89,97.3,3.5,Fear
61,91,97.8,2.3,Shame
81,100,98.6,3.7,Anger
61,88,99.3,2.1,Depression
100,71,99.5,4.1,Anger
62,78,98.7,2.5,Shame
61,78,98.1,3.8,Stress
76,73,97.0,0.2,Neutral
89,70,98.5,2.9,Excited
70,103,99.0,2.9,Stress
64,79,98.3,1.2,Happy
76,73,98.8,2.4,Guilt
74,67,97.5,1.5,Sad
74,80,98.0,0.3,Neutral
98,110,99.0,1.9,Excited
88,97,97.9,4.3,Excited
100,85,99.6,2.8,Anger
67,96,98.1,1.4,Shame
72,101,98.7,2.5,Stress
67,65,98.5,1.5,Happy
68,74,98.5,0.8,Guilt
76,86,98.5,1.7,Stress
68,60,96.8,1.6,Sad
63,89,98.7,1.5,Happy
60,89,99.1,1.5,Happy
60,84,98.0,1.0,Guilt
61,85,99.2,1.2,Happy
81,104,98.3,1.9,Excited
66,86,99.2,0.6,Happy
80,105,99.3,3.0,Stress
64,79,98.2,0.6,Neutral
67,76,98.7,2.1,Shame
75,77,98.3,0.8,Guilt
64,82,98.3,3.8,Stress
73,89,96.9,1.9,Sad
89,77,98.5,3.5,Excited
88,93,98.1,4.1,Excited
91,99,98.3,4.2,Excited
76,70,97.6,1.6,Fear
75,68,97.6,0.4,Neutral
61,92,99.0,3.5,Shame
61,69,98.5,2.0,Guilt
74,99,97.4,3.2,Fear
71,87,98.8,0.8,Neutral
62,104,98.4,2.0,Stress
74,85,98.2,1.7,Happy
79,83,98.1,2.3,Guilt
92,96,98.2,3.7,Excited
63,89,99.1,4.9,Depression
62,77,98.5,0.9,Happy
71,78,98.7,1.4,Happy
85,90,98.7,3.0,Excited
66,89,98.1,3.5,Depression
91,87,99.1,2.4,Anger
74,74,98.1,0.7,Neutral
60,78,98.5,3.4,Fear
61,74,97.8,1.8,Guilt
75,70,97.0,0.7,Sad
71,66,97.7,0.9,Neutral
75,99,98.7,2.7,Stress
85,91,98.8,3.2,Anger
78,88,99.4,2.4,Stress
75,72,97.9,2.5,Fear
65,73,97.3,1.2,Sad
78,62,97.6,1.2,Guilt
71,72,98.6,3.9,Stress
60,77,98.0,2.4,Fear
94,74,99.7,3.9,Excited
76,90,99.7,4.6,Depression
60,69,97.0,0.3,Neutral
63,75,98.7,1.5,Shame
77,79,96.6,1.4,Sad
75,73,97.7,1.1,Sad
73,70,99.4,4.1,Depression
69,78,97.4,1.3,Shame
81,109,99.1,2.5,Excited
75,77,97.6,3.4,Shame
66,80,98.2,2.2,Stress
75,63,98.5,1.2,Guilt
75,82,98.6,0.7,Neutral
80,83,98.3,2.7,Fear
62,91,97.9,3.2,Shame
94,91,98.1,2.3,Anger
71,95,99.2,2.6,Stress
78,74,97.8,0.6,Happy
60,63,97.4,0.6,Sad
80,99,98.2,4.9,Anger
62,95,99.0,2.6,Shame
66,90,97.7,2.1,Sad
89,73,99.2,4.9,Anger
100,84,98.3,3.6,Excited
98,89,99.0,3.6,Excited
71,73,98.0,2.4,Shame
69,86,98.5,0.6,Neutral
87,109,98.0,3.8,Excited
70,80,96.9,1.3,Sad
60,75,97.8,2.2,Guilt
68,81,98.3,1.2,Happy
81,98,97.9,3.6,Excited
63,79,98.1,2.0,Sad
65,99,98.4,3.5,Fear
89,71,98.1,2.7,Anger
89,94,98.6,2.1,Excited
73,72,98.2,0.3,Neutral
95,91,99.3,3.6,Excited
79,null,98.5,2.5,Shame
68,90,98.0,2.1,Fear
61,85,99.0,2.8,Shame
65,100,97.5,3.8,Fear
67,88,99.0,2.0,Depression
68,74,97.7,1.4,Shame
77,76,98.2,2.9,Fear
66,81,98.7,4.8,Depression
79,88,98.1,3.3,Stress
71,84,97.8,0.9,Sad
60,89,97.8,3.9,Fear
65,98,97.6,3.7,Fear
93,100,98.4,4.2,Anger
88,95,98.4,2.3,Anger
69,71,96.5,1.5,Sad
64,74,98.6,0.5,Guilt
96,73,98.4,4.3,Anger
84,99,98.1,2.7,Excited
98,93,99.2,2.1,Excited
92,85,99.4,3.6,Anger
66,85,97.9,2.1,Happy
76,87,98.6,0.5,Neutral
63,89,98.7,null,Happy
72,89,98.7,1.6,Happy
60,86,98.6,1.8,Happy
67,89,98.3,0.9,Neutral
67,86,97.5,0.6,Neutral
80,94,99.4,3.1,Excited
75,89,97.3,0.5,Sad
94,102,98.5,2.4,Excited
74,107,99.3,3.1,Stress
66,86,97.7,2.6,Shame
71,81,97.8,2.2,Sad
60,75,98.6,4.7,Depression
62,null,98.1,0.7,Neutral
64,102,98.3,3.6,Stress
77,64,98.6,0.9,Happy
88,105,99.2,3.3,Excited
92,93,98.3,3.6,Excited
83,82,99.6,2.0,Excited
70,80,98.6,1.3,Happy
63,97,97.9,1.0,Shame
68,88,98.7,2.0,Guilt
67,77,97.9,0.6,Neutral
66,100,98.7,1.3,Shame
90,101,97.9,4.1,Excited
69,99,98.3,2.0,Shame
73,79,98.5,2.2,Guilt
75,77,97.6,2.0,Sad
65,79,97.6,1.9,Guilt
68,68,97.6,1.3,Guilt
78,70,98.5,4.9,Depression
73,67,98.1,1.3,Guilt
64,84,99.0,2.7,Shame
62,72,98.5,2.0,Stress
65,83,99.1,2.8,Stress
73,77,97.5,0.7,Neutral
61,76,97.9,0.7,Neutral
92,87,98.0,2.9,Excited
87,99,99.0,4.9,Anger
81,84,99.5,2.9,Excited
73,66,98.3,1.9,Guilt
68,85,97.8,0.8,Neutral
73,61,98.9,1.1,Guilt
78,89,98.6,0.6,Happy
79,86,98.2,0.8,Neutral
60,79,99.1,3.5,Stress
61,75,97.6,0.9,Neutral
67,87,98.6,3.1,Depression
83,97,99.3,2.9,Excited
71,null,97.5,2.6,Fear
89,95,98.6,4.4,Excited
88,108,99.6,1.9,Excited
78,61,98.4,1.7,Happy
60,83,97.5,1.0,Sad
67,87,98.2,2.0,Shame
61,63,98.9,1.0,Happy
72,79,96.9,1.3,Sad
96,70,98.1,4.0,Excited
66,63,98.1,2.4,Happy
60,68,97.5,1.6,Sad
77,68,97.4,0.5,Neutral
64,74,98.5,2.6,Shame
83,106,98.7,3.0,Excited
81,97,98.8,4.0,Anger
79,62,97.3,0.5,Guilt
89,78,99.6,3.3,Anger
85,98,99.4,2.7,Anger
91,90,99.5,4.3,Anger
63,88,98.8,1.0,Happy
61,90,98.7,2.8,Depression
92,82,98.0,2.1,Anger
67,77,98.1,3.7,Fear
66,76,98.8,2.2,Happy
98,97,98.1,2.3,Excited
61,78,98.0,3.1,Fear
70,76,96.6,2.2,Sad
67,70,98.4,4.2,Depression
66,65,99.0,2.3,Guilt
70,80,98.1,0.4,Neutral
81,98,97.9,3.1,Anger
67,81,97.8,0.8,Neutral
77,70,98.9,4.7,Depression
67,68,98.3,1.0,Happy
69,90,98.3,3.0,Fear
71,99,98.0,1.7,Shame
77,91,98.9,3.5,Stress
73,79,96.5,2.2,Sad
67,73,98.0,2.6,Shame
64,63,97.8,0.7,Sad
67,100,98.0,2.0,Stress
79,90,99.1,4.2,Depression
61,68,97.6,2.1,Sad
70,83,98.3,2.1,Guilt
68,61,97.2,0.8,Sad
95,70,98.0,1.5,Excited
76,86,99.4,0.9,Happy
98,104,98.5,2.9,Excited
75,63,98.2,1.8,Sad
78,69,98.3,1.4,Guilt
82,76,98.6,2.3,Anger
80,78,97.4,1.5,Shame
71,102,98.4,2.7,Stress
83,79,98.8,4.8,Anger
78,75,97.5,1.7,Fear
71,84,98.6,4.0,Fear
60,99,98.9,1.5,Shame
61,91,97.9,2.5,Shame
60,72,97.8,1.7,Shame
78,88,98.5,0.6,Neutral
70,100,98.0,2.0,Stress
61,81,97.9,2.3,Happy
93,86,98.3,3.8,Excited
74,68,98.0,2.5,Happy
66,63,null,1.6,Sad
77,88,97.4,0.3,Neutral
68,78,98.6,1.2,Happy
68,71,97.9,2.3,Shame
97,98,98.5,3.5,Excited
95,102,99.6,4.2,Excited
76,81,98.4,2.8,Shame
70,87,99.1,0.6,Happy
70,76,97.6,1.3,Sad
66,66,98.5,0.4,Neutral
67,84,97.9,2.1,Guilt
74,94,98.5,2.9,Shame
92,79,98.5,4.0,Anger
80,88,99.2,2.2,Anger
83,94,98.2,4.2,Anger
72,89,99.1,1.6,Guilt
86,101,98.0,4.0,Excited
73,80,98.4,2.0,Fear
60,88,97.8,2.6,Stress
73,91,99.0,4.2,Depression
69,84,99.0,1.1,Happy
63,60,98.7,0.3,Neutral
70,76,97.8,1.9,Guilt
98,78,99.2,4.3,Anger
78,106,99.3,1.9,Stress
70,78,98.4,2.8,Fear
69,95,98.1,4.0,Depression
72,89,98.4,2.0,Guilt
81,90,99.2,3.0,Anger
90,91,99.0,1.7,Excited
65,62,98.3,1.6,Happy
62,72,97.7,2.5,Guilt
71,83,98.1,0.8,Neutral
77,75,97.4,2.0,Fear
77,74,98.9,1.1,Guilt
80,72,96.6,0.5,Sad
61,81,96.9,2.7,Fear
78,86,98.0,2.5,Depression
67,75,99.2,3.8,Depression
65,64,97.7,0.9,Guilt
60,75,99.0,2.4,Guilt
67,64,97.0,1.3,Sad
67,94,98.2,1.8,Shame
68,73,97.7,1.9,Sad
65,61,97.7,0.3,Neutral
92,90,99.3,3.0,Excited
73,63,98.2,1.1,Sad
89,74,98.6,3.8,Anger
76,81,97.7,2.4,Happy
90,71,99.2,3.7,Anger
88,104,98.3,4.3,Excited
69,70,98.9,4.4,Depression
77,84,97.2,2.0,Fear
72,70,97.5,2.9,Shame
70,81,98.8,3.7,Depression
68,70,99.1,1.6,Happy
62,79,98.0,2.4,Happy
64,105,99.3,2.3,Stress
74,88,99.4,4.6,Depression
66,78,97.3,1.1,Guilt
70,81,98.2,2.0,Guilt
97,89,99.4,4.2,Anger
79,82,98.3,2.7,Shame
68,87,97.9,0.5,Sad
99,76,98.9,5.0,Anger
71,90,98.2,2.1,Happy
96,71,98.7,2.7,Anger
63,96,98.6,2.0,Fear
87,71,99.3,3.6,Anger
77,61,97.9,0.3,Neutral
84,78,97.9,3.7,Anger
null,71,98.2,2.7,Depression
80,77,98.7,1.8,Excited
70,61,97.8,1.9,Guilt
88,100,98.4,2.8,Excited
76,74,98.3,2.2,Fear
71,95,98.1,3.8,Depression
93,80,99.1,2.8,Excited
65,70,98.5,2.7,Fear
64,77,98.2,2.8,Fear
78,63,98.3,0.7,Neutral
61,100,null,3.3,Stress
76,83,97.5,2.0,Fear
70,86,98.4,2.0,Guilt
86,71,98.0,2.4,Anger
75,97,98.5,1.9,Fear
85,86,98.6,2.4,Anger
72,78,97.1,2.4,Sad
87,87,99.4,1.6,Excited
73,96,98.2,1.1,Shame
100,81,97.9,2.5,Excited
71,101,98.7,2.5,Stress
63,75,98.3,4.5,Depression
78,73,98.7,2.6,Stress
66,70,98.8,4.0,Depression
77,69,98.7,2.4,Happy
75,83,98.6,1.6,Guilt
72,89,97.5,1.9,Guilt
72,63,99.0,0.6,Guilt
78,86,98.8,1.5,Happy
60,84,97.6,1.2,Sad
100,72,99.6,4.4,Anger
60,96,98.5,2.8,Fear
71,86,97.3,3.5,Fear
69,62,98.8,0.8,Happy
78,83,98.4,2.4,Happy
83,77,99.1,4.4,Anger
98,105,99.4,2.9,Excited
74,70,97.9,1.9,Fear
78,83,97.6,2.1,Sad
73,79,97.1,0.6,Neutral
63,89,99.3,3.5,Depression
62,70,98.1,3.0,Depression
68,82,98.3,1.2,Shame
78,78,98.4,1.6,Stress
89,98,98.4,4.0,Anger
74,66,98.8,2.4,Happy
67,75,98.8,0.9,Neutral
67,90,98.5,2.1,Stress
65,68,97.3,0.6,Neutral
61,97,98.6,3.6,Stress
65,77,98.0,1.3,Guilt
75,67,98.3,0.7,Neutral
78,65,97.7,0.4,Neutral
74,79,98.5,2.4,Depression
71,63,98.6,2.0,Happy
76,81,98.7,3.1,Depression
68,71,98.3,3.7,Depression
92,73,99.0,4.2,Anger
63,85,97.8,1.9,Shame
68,107,98.7,2.0,Stress
62,79,99.2,1.3,Happy
72,72,97.7,2.4,Guilt
80,63,97.9,2.0,Happy
70,98,97.5,2.0,Shame
80,76,97.8,1.8,Guilt
64,66,98.7,0.3,Neutral
93,104,98.6,4.4,Excited
73,77,99.5,4.2,Depression
76,63,98.1,1.6,Happy
81,77,97.9,4.3,Anger
79,74,97.1,0.9,Sad
75,100,97.9,3.2,Stress
90,80,98.5,3.5,Excited
87,98,98.4,4.9,Anger
70,61,99.1,1.1,Happy
61,62,97.8,0.9,Neutral
96,78,null,2.7,Excited
65,64,98.0,1.8,Sad
77,82,97.7,2.2,Guilt
65,87,99.4,2.2,Stress
64,70,97.6,1.2,Sad
86,109,98.0,4.4,Excited
80,64,98.8,1.4,Guilt
74,88,97.7,3.0,Shame
68,75,97.1,0.4,Neutral
90,86,99.0,1.6,Excited
79,79,98.2,3.4,Stress
78,96,98.9,1.5,Shame
62,94,99.0,4.5,Depression
76,86,97.4,0.8,Neutral
97,83,98.0,3.3,Excited
80,70,99.1,1.4,Shame
77,66,97.1,1.0,Neutral
68,67,98.3,2.0,Happy
88,85,99.5,3.4,Anger
68,75,98.0,2.8,Stress
77,78,99.1,1.8,Happy
80,78,98.5,2.2,Happy
99,88,98.9,2.6,Excited
64,92,98.0,3.0,Shame
61,60,97.7,0.8,Guilt
78,76,96.6,0.9,Sad
78,79,99.0,1.9,Guilt
80,84,97.5,2.3,Sad
61,72,96.9,3.3,Fear
66,null,98.2,0.7,Sad
92,91,99.0,4.5,Anger
89,91,99.6,3.0,Excited
66,89,97.0,1.4,Sad
100,71,98.1,3.6,Excited
62,100,97.1,3.9,Fear
69,78,98.2,0.9,Neutral
70,77,97.9,1.5,Fear
71,80,96.8,1.2,Sad
78,86,98.2,3.3,Stress
60,79,98.9,null,Depression
80,61,98.5,0.8,Guilt
93,76,99.6,4.8,Anger
86,91,99.4,4.5,Anger
100,89,99.1,3.3,Excited
75,89,97.5,0.6,Guilt
64,67,97.6,1.7,Sad
93,71,99.6,2.4,Excited
80,88,99.4,2.7,Anger
80,92,98.8,2.4,Excited
95,85,97.9,4.9,Anger
98,75,99.1,2.7,Anger
80,91,98.6,2.1,Shame
90,96,97.9,2.0,Anger
80,82,98.7,4.9,Depression
67,72,97.4,2.3,Fear
85,83,99.3,4.9,Anger
77,83,97.3,2.7,Shame
63,89,98.3,3.5,Depression
80,87,98.2,1.9,Excited
94,94,98.8,3.1,Anger
68,61,99.2,0.7,Happy
69,62,98.0,0.5,Neutral
62,89,97.3,2.6,Shame
77,68,98.1,0.4,Neutral
69,92,null,2.8,Shame
69,94,98.5,1.9,Stress
85,71,99.3,2.8,Anger
71,70,97.9,2.4,Shame
66,80,98.6,2.3,Guilt
93,95,98.7,4.5,Anger
70,102,99.2,2.9,Stress
75,71,99.0,2.4,Depression
60,85,98.9,1.7,Happy
74,84,97.8,1.4,Sad
64,80,98.1,1.4,Sad
79,102,98.4,2.1,Stress
69,74,98.0,3.0,Stress
86,110,98.8,3.4,Excited
65,60,97.5,1.9,Guilt
62,79,97.0,0.3,Neutral
67,96,98.4,3.9,Depression
73,78,99.5,3.1,Stress
73,84,98.0,1.8,Fear
71,82,97.5,3.0,Fear
60,98,98.7,2.9,Shame
65,92,98.6,3.1,Stress
70,103,99.4,2.1,Stress
67,77,96.8,1.4,Sad
86,94,97.9,4.4,Anger
73,87,98.5,0.7,Guilt
63,67,96.8,2.3,Sad
66,68,99.5,1.1,Happy
62,100,98.6,1.9,Fear
62,75,97.4,3.3,Shame
72,79,96.6,1.8,Sad
83,89,98.9,3.4,Anger
79,65,97.6,1.0,Sad
95,89,98.4,3.6,Anger
72,69,98.0,1.2,Sad
71,75,99.1,3.8,Stress
70,67,96.7,0.6,Sad
60,91,98.5,2.7,Fear
72,71,97.1,2.6,Fear
80,61,98.1,1.9,Guilt
66,81,97.4,2.2,Fear
80,80,98.7,1.4,Guilt
100,93,99.4,3.4,Excited
60,94,98.3,2.3,Shame
70,80,98.3,1.3,Happy
73,92,99.1,null,Depression
74,62,97.6,0.7,Neutral
76,77,97.6,1.2,Shame
67,89,98.7,2.1,Depression
69,97,99.4,2.5,Depression
70,79,98.0,1.5,Sad
72,67,97.9,0.4,Neutral
66,85,99.1,3.2,Shame
61,93,99.0,2.3,Depression
63,89,98.7,3.7,Depression
79,84,98.0,1.0,Neutral
82,76,99.2,3.9,Excited
71,79,99.0,1.1,Shame
71,88,98.7,0.8,Neutral
65,68,97.4,2.0,Sad
61,79,97.7,0.6,Neutral
63,75,98.8,0.9,Neutral
82,99,99.1,3.1,Excited
70,71,97.1,1.3,Sad
74,86,97.3,2.5,Shame
82,75,98.9,1.7,Excited
75,63,96.9,null,Sad
79,98,98.7,3.4,Stress
80,73,99.5,2.4,Happy
64,71,97.6,0.6,Neutral
82,90,99.1,3.9,Excited
93,72,99.5,3.4,Anger
82,82,98.4,3.7,Excited
60,76,97.9,0.5,Neutral
100,75,98.6,3.6,Excited
75,61,96.7,1.1,Sad
62,87,98.6,4.6,Depression
83,90,99.0,4.3,Anger
90,100,98.7,2.8,Excited
60,100,98.0,1.4,Shame
95,91,99.1,4.7,Anger
64,84,97.7,0.8,Sad
75,67,98.5,0.4,Neutral
80,87,97.0,2.3,Fear
69,70,97.7,1.9,Fear
80,85,98.3,3.3,Shame
67,94,98.0,2.6,Stress
71,69,98.4,0.6,Neutral
67,67,97.6,0.7,Neutral
77,88,97.8,3.1,Shame
69,90,97.2,3.4,Fear
74,83,98.0,3.7,Depression
72,88,98.0,3.3,Depression
73,84,98.7,3.1,Shame
82,73,99.4,2.3,Excited
68,92,97.3,3.5,Fear
65,78,98.1,1.6,Happy
null,77,97.8,1.7,Sad
61,93,98.4,2.3,Depression
60,79,98.1,1.4,Happy
67,70,99.1,3.5,Stress
73,80,99.1,2.7,Stress
79,87,99.2,2.3,Stress
97,79,99.6,3.6,Anger
72,86,98.8,1.1,Shame
61,68,null,null,Guilt
62,73,99.1,1.2,Happy
85,93,98.8,2.5,Anger
89,96,98.9,3.9,Anger
78,84,98.7,1.0,Happy
100,77,98.2,3.5,Anger
70,71,97.4,1.5,Fear
75,91,98.0,3.5,Stress
61,76,98.2,1.8,Happy
95,72,98.4,4.7,Anger
99,105,99.1,2.0,Excited
61,95,99.5,2.9,Depression
77,89,99.1,2.8,Stress
78,60,97.7,0.8,Sad
84,87,99.4,3.5,Anger
63,70,98.0,1.1,Shame
60,72,99.2,1.9,Stress
60,64,96.7,1.8,Sad
75,78,98.4,1.1,Shame
70,79,98.3,1.6,Guilt
62,75,99.1,2.1,Happy
61,76,97.8,3.6,Stress
76,77,97.7,3.5,Fear
70,64,97.8,1.3,Happy
95,96,99.4,5.0,Anger
80,63,98.4,0.2,Neutral
78,61,98.8,2.1,Happy
76,64,98.6,0.4,Neutral
82,76,98.4,4.0,Excited
63,94,99.5,4.2,Depression
80,80,98.1,4.5,Depression
66,90,98.2,1.4,Sad
66,92,98.9,1.5,Shame
65,76,99.3,3.3,Depression
67,69,98.5,1.2,Happy
76,78,97.4,0.8,Sad
80,99,98.3,3.7,Depression
64,87,99.4,2.0,Happy
73,87,99.4,3.6,Depression
97,91,99.6,2.9,Anger
73,91,97.7,2.1,Fear
72,98,98.5,2.7,Depression
72,70,98.1,1.5,Stress
63,88,97.2,2.5,Fear
80,71,98.3,1.8,Fear
71,79,98.3,3.8,Depression
79,84,97.6,1.8,Fear
63,78,98.5,1.7,Shame
71,86,98.9,2.7,Stress
66,78,97.8,0.5,Neutral
94,73,98.7,2.9,Excited
63,82,97.0,2.2,Fear
73,87,98.6,1.9,Guilt
82,70,98.2,2.5,Excited
71,71,97.5,3.0,Fear
68,71,99.3,4.8,Depression
60,86,97.9,4.7,Depression
